hospital,address,service_name,price,duration,discount,treatment_type,duration_minutes,service_name_translated
Instituto Antacle Trombeli,"Rua Esmeralda, 47, Aclimação",Ultraformer MPT - BOLSA OCULAR,790,(20 minutos),,Ultraformer MPT,20,Ultraformer MPT - BOLSA OCULAR
Instituto Antacle Trombeli,"Rua Esmeralda, 47, Aclimação",Ultraformer MPT- ABDOMEN INFERIOR***FLACIDEZ ou QUEIMA de GORDURA,4.29,(120 minutos),,Ultraformer MPT,120,Ultraformer MPT- ABDOMEN INFERIOR***FLACIDEZ ou QUEIMA de GORDURA
Instituto Antacle Trombeli,"Rua Esmeralda, 47, Aclimação",Ultraformer MPT- ABDOMEN SUPERIOR***FLACIDEZ ou QUEIMA de GORDURA,4.29,(60 minutos),,Ultraformer MPT,60,Ultraformer MPT- ABDOMEN SUPERIOR***FLACIDEZ ou QUEIMA de GORDURA
Instituto Antacle Trombeli,"Rua Esmeralda, 47, Aclimação",Ultraformer MPT- BICHECTOMIA,1.35,(40 minutos),,Ultraformer MPT,40,Ultraformer MPT- BICHECTOMIA
Instituto Antacle Trombeli,"Rua Esmeralda, 47, Aclimação",ULTRAFORMER MPT - TERÇO MÉDIO,2.772,(60 minutos),,Ultraformer MPT,60,ULTRAFORMER MPT - TERÇO MÉDIO
Instituto Antacle Trombeli,"Rua Esmeralda, 47, Aclimação",ULTRAFORMER MPT - ABDOME,3.588,(60 minutos),,Ultraformer MPT,60,ULTRAFORMER MPT - ABDOME
Instituto Antacle Trombeli,"Rua Esmeralda, 47, Aclimação",ULTRAFORMER MPT - CULOTE / BANANINHA,2.277,(60 minutos),,Ultraformer MPT,60,ULTRAFORMER MPT - CULOTE / BANANINHA
Instituto Antacle Trombeli,"Rua Esmeralda, 47, Aclimação",ULTRAFORMER MPT - FOX EYES,1.648,(60 minutos),,Ultraformer MPT,60,ULTRAFORMER MPT - FOX EYES
Instituto Antacle Trombeli,"Rua Esmeralda, 47, Aclimação",ULTRAFORMER MPT - INT COXA,2.92,(60 minutos),,Ultraformer MPT,60,ULTRAFORMER MPT - INT COXA
Instituto Antacle Trombeli,"Rua Esmeralda, 47, Aclimação",Ultraformer MPT,650,(60 minutos),,Ultraformer MPT,60,Ultraformer MPT
Instituto Antacle Trombeli,"Rua Esmeralda, 47, Aclimação",Ultraformer MPT,2,(60 minutos),,Ultraformer MPT,60,Ultraformer MPT
Venancia’s Saude e Beleza,"Rua Esmeralda, 47, Aclimação",Ultraformer MPT - BOLSA OCULAR,790,(20 minutos),,Ultraformer MPT,20,Ultraformer MPT - BOLSA OCULAR
Venancia’s Saude e Beleza,"Rua Esmeralda, 47, Aclimação",Ultraformer MPT- ABDOMEN INFERIOR***FLACIDEZ ou QUEIMA de GORDURA,4.29,(120 minutos),,Ultraformer MPT,120,Ultraformer MPT- ABDOMEN INFERIOR***FLACIDEZ ou QUEIMA de GORDURA
Venancia’s Saude e Beleza,"Rua Esmeralda, 47, Aclimação",Ultraformer MPT- ABDOMEN SUPERIOR***FLACIDEZ ou QUEIMA de GORDURA,4.29,(60 minutos),,Ultraformer MPT,60,Ultraformer MPT- ABDOMEN SUPERIOR***FLACIDEZ ou QUEIMA de GORDURA
Venancia’s Saude e Beleza,"Rua Esmeralda, 47, Aclimação",Ultraformer MPT- BICHECTOMIA,1.35,(40 minutos),,Ultraformer MPT,40,Ultraformer MPT- BICHECTOMIA
Venancia’s Saude e Beleza,"Rua Esmeralda, 47, Aclimação",ULTRAFORMER MPT - TERÇO MÉDIO,2.772,(60 minutos),,Ultraformer MPT,60,ULTRAFORMER MPT - TERÇO MÉDIO
Venancia’s Saude e Beleza,"Rua Esmeralda, 47, Aclimação",ULTRAFORMER MPT - ABDOME,3.588,(60 minutos),,Ultraformer MPT,60,ULTRAFORMER MPT - ABDOME
Venancia’s Saude e Beleza,"Rua Esmeralda, 47, Aclimação",ULTRAFORMER MPT - CULOTE / BANANINHA,2.277,(60 minutos),,Ultraformer MPT,60,ULTRAFORMER MPT - CULOTE / BANANINHA
Venancia’s Saude e Beleza,"Rua Esmeralda, 47, Aclimação",ULTRAFORMER MPT - FOX EYES,1.648,(60 minutos),,Ultraformer MPT,60,ULTRAFORMER MPT - FOX EYES
Venancia’s Saude e Beleza,"Rua Esmeralda, 47, Aclimação",ULTRAFORMER MPT - INT COXA,2.92,(60 minutos),,Ultraformer MPT,60,ULTRAFORMER MPT - INT COXA
Venancia’s Saude e Beleza,"Rua Esmeralda, 47, Aclimação",Ultraformer MPT,650,(60 minutos),,Ultraformer MPT,60,Ultraformer MPT
Venancia’s Saude e Beleza,"Rua Esmeralda, 47, Aclimação",Ultraformer MPT,2,(60 minutos),,Ultraformer MPT,60,Ultraformer MPT
Estetika Beauty,"Rua Esmeralda, 47, Aclimação",Ultraformer MPT - BOLSA OCULAR,790,(20 minutos),,Ultraformer MPT,20,Ultraformer MPT - BOLSA OCULAR
Estetika Beauty,"Rua Esmeralda, 47, Aclimação",Ultraformer MPT- ABDOMEN INFERIOR***FLACIDEZ ou QUEIMA de GORDURA,4.29,(120 minutos),,Ultraformer MPT,120,Ultraformer MPT- ABDOMEN INFERIOR***FLACIDEZ ou QUEIMA de GORDURA
Estetika Beauty,"Rua Esmeralda, 47, Aclimação",Ultraformer MPT- ABDOMEN SUPERIOR***FLACIDEZ ou QUEIMA de GORDURA,4.29,(60 minutos),,Ultraformer MPT,60,Ultraformer MPT- ABDOMEN SUPERIOR***FLACIDEZ ou QUEIMA de GORDURA
Estetika Beauty,"Rua Esmeralda, 47, Aclimação",Ultraformer MPT- BICHECTOMIA,1.35,(40 minutos),,Ultraformer MPT,40,Ultraformer MPT- BICHECTOMIA
Estetika Beauty,"Rua Esmeralda, 47, Aclimação",ULTRAFORMER MPT - TERÇO MÉDIO,2.772,(60 minutos),,Ultraformer MPT,60,ULTRAFORMER MPT - TERÇO MÉDIO
Estetika Beauty,"Rua Esmeralda, 47, Aclimação",ULTRAFORMER MPT - ABDOME,3.588,(60 minutos),,Ultraformer MPT,60,ULTRAFORMER MPT - ABDOME
Estetika Beauty,"Rua Esmeralda, 47, Aclimação",ULTRAFORMER MPT - CULOTE / BANANINHA,2.277,(60 minutos),,Ultraformer MPT,60,ULTRAFORMER MPT - CULOTE / BANANINHA
Estetika Beauty,"Rua Esmeralda, 47, Aclimação",ULTRAFORMER MPT - FOX EYES,1.648,(60 minutos),,Ultraformer MPT,60,ULTRAFORMER MPT - FOX EYES
Estetika Beauty,"Rua Esmeralda, 47, Aclimação",ULTRAFORMER MPT - INT COXA,2.92,(60 minutos),,Ultraformer MPT,60,ULTRAFORMER MPT - INT COXA
Estetika Beauty,"Rua Esmeralda, 47, Aclimação",Ultraformer MPT,650,(60 minutos),,Ultraformer MPT,60,Ultraformer MPT
Estetika Beauty,"Rua Esmeralda, 47, Aclimação",Ultraformer MPT,2,(60 minutos),,Ultraformer MPT,60,Ultraformer MPT
DanMorelli Espaco Beleza,"Rua Esmeralda, 47, Aclimação",Ultraformer MPT - BOLSA OCULAR,790,(20 minutos),,Ultraformer MPT,20,Ultraformer MPT - BOLSA OCULAR
DanMorelli Espaco Beleza,"Rua Esmeralda, 47, Aclimação",Ultraformer MPT- ABDOMEN INFERIOR***FLACIDEZ ou QUEIMA de GORDURA,4.29,(120 minutos),,Ultraformer MPT,120,Ultraformer MPT- ABDOMEN INFERIOR***FLACIDEZ ou QUEIMA de GORDURA
DanMorelli Espaco Beleza,"Rua Esmeralda, 47, Aclimação",Ultraformer MPT- ABDOMEN SUPERIOR***FLACIDEZ ou QUEIMA de GORDURA,4.29,(60 minutos),,Ultraformer MPT,60,Ultraformer MPT- ABDOMEN SUPERIOR***FLACIDEZ ou QUEIMA de GORDURA
DanMorelli Espaco Beleza,"Rua Esmeralda, 47, Aclimação",Ultraformer MPT- BICHECTOMIA,1.35,(40 minutos),,Ultraformer MPT,40,Ultraformer MPT- BICHECTOMIA
DanMorelli Espaco Beleza,"Rua Esmeralda, 47, Aclimação",ULTRAFORMER MPT - TERÇO MÉDIO,2.772,(60 minutos),,Ultraformer MPT,60,ULTRAFORMER MPT - TERÇO MÉDIO
DanMorelli Espaco Beleza,"Rua Esmeralda, 47, Aclimação",ULTRAFORMER MPT - ABDOME,3.588,(60 minutos),,Ultraformer MPT,60,ULTRAFORMER MPT - ABDOME
DanMorelli Espaco Beleza,"Rua Esmeralda, 47, Aclimação",ULTRAFORMER MPT - CULOTE / BANANINHA,2.277,(60 minutos),,Ultraformer MPT,60,ULTRAFORMER MPT - CULOTE / BANANINHA
DanMorelli Espaco Beleza,"Rua Esmeralda, 47, Aclimação",ULTRAFORMER MPT - FOX EYES,1.648,(60 minutos),,Ultraformer MPT,60,ULTRAFORMER MPT - FOX EYES
DanMorelli Espaco Beleza,"Rua Esmeralda, 47, Aclimação",ULTRAFORMER MPT - INT COXA,2.92,(60 minutos),,Ultraformer MPT,60,ULTRAFORMER MPT - INT COXA
DanMorelli Espaco Beleza,"Rua Esmeralda, 47, Aclimação",Ultraformer MPT,650,(60 minutos),,Ultraformer MPT,60,Ultraformer MPT
DanMorelli Espaco Beleza,"Rua Esmeralda, 47, Aclimação",Ultraformer MPT,2,(60 minutos),,Ultraformer MPT,60,Ultraformer MPT
Giovana Alberti - Estética Integrativa,"Rua Esmeralda, 47, Aclimação",Ultraformer MPT - BOLSA OCULAR,790,(20 minutos),,Ultraformer MPT,20,Ultraformer MPT - BOLSA OCULAR
Giovana Alberti - Estética Integrativa,"Rua Esmeralda, 47, Aclimação",Ultraformer MPT- ABDOMEN INFERIOR***FLACIDEZ ou QUEIMA de GORDURA,4.29,(120 minutos),,Ultraformer MPT,120,Ultraformer MPT- ABDOMEN INFERIOR***FLACIDEZ ou QUEIMA de GORDURA
Giovana Alberti - Estética Integrativa,"Rua Esmeralda, 47, Aclimação",Ultraformer MPT- ABDOMEN SUPERIOR***FLACIDEZ ou QUEIMA de GORDURA,4.29,(60 minutos),,Ultraformer MPT,60,Ultraformer MPT- ABDOMEN SUPERIOR***FLACIDEZ ou QUEIMA de GORDURA
Giovana Alberti - Estética Integrativa,"Rua Esmeralda, 47, Aclimação",Ultraformer MPT- BICHECTOMIA,1.35,(40 minutos),,Ultraformer MPT,40,Ultraformer MPT- BICHECTOMIA
Giovana Alberti - Estética Integrativa,"Rua Esmeralda, 47, Aclimação",ULTRAFORMER MPT - TERÇO MÉDIO,2.772,(60 minutos),,Ultraformer MPT,60,ULTRAFORMER MPT - TERÇO MÉDIO
Giovana Alberti - Estética Integrativa,"Rua Esmeralda, 47, Aclimação",ULTRAFORMER MPT - ABDOME,3.588,(60 minutos),,Ultraformer MPT,60,ULTRAFORMER MPT - ABDOME
Giovana Alberti - Estética Integrativa,"Rua Esmeralda, 47, Aclimação",ULTRAFORMER MPT - CULOTE / BANANINHA,2.277,(60 minutos),,Ultraformer MPT,60,ULTRAFORMER MPT - CULOTE / BANANINHA
Giovana Alberti - Estética Integrativa,"Rua Esmeralda, 47, Aclimação",ULTRAFORMER MPT - FOX EYES,1.648,(60 minutos),,Ultraformer MPT,60,ULTRAFORMER MPT - FOX EYES
Giovana Alberti - Estética Integrativa,"Rua Esmeralda, 47, Aclimação",ULTRAFORMER MPT - INT COXA,2.92,(60 minutos),,Ultraformer MPT,60,ULTRAFORMER MPT - INT COXA
Giovana Alberti - Estética Integrativa,"Rua Esmeralda, 47, Aclimação",Ultraformer MPT,650,(60 minutos),,Ultraformer MPT,60,Ultraformer MPT
Giovana Alberti - Estética Integrativa,"Rua Esmeralda, 47, Aclimação",Ultraformer MPT,2,(60 minutos),,Ultraformer MPT,60,Ultraformer MPT
clinica Samanta Melo,"Rua Esmeralda, 47, Aclimação",Ultraformer MPT - BOLSA OCULAR,790,(20 minutos),,Ultraformer MPT,20,Ultraformer MPT - BOLSA OCULAR
clinica Samanta Melo,"Rua Esmeralda, 47, Aclimação",Ultraformer MPT- ABDOMEN INFERIOR***FLACIDEZ ou QUEIMA de GORDURA,4.29,(120 minutos),,Ultraformer MPT,120,Ultraformer MPT- ABDOMEN INFERIOR***FLACIDEZ ou QUEIMA de GORDURA
clinica Samanta Melo,"Rua Esmeralda, 47, Aclimação",Ultraformer MPT- ABDOMEN SUPERIOR***FLACIDEZ ou QUEIMA de GORDURA,4.29,(60 minutos),,Ultraformer MPT,60,Ultraformer MPT- ABDOMEN SUPERIOR***FLACIDEZ ou QUEIMA de GORDURA
clinica Samanta Melo,"Rua Esmeralda, 47, Aclimação",Ultraformer MPT- BICHECTOMIA,1.35,(40 minutos),,Ultraformer MPT,40,Ultraformer MPT- BICHECTOMIA
clinica Samanta Melo,"Rua Esmeralda, 47, Aclimação",ULTRAFORMER MPT - TERÇO MÉDIO,2.772,(60 minutos),,Ultraformer MPT,60,ULTRAFORMER MPT - TERÇO MÉDIO
clinica Samanta Melo,"Rua Esmeralda, 47, Aclimação",ULTRAFORMER MPT - ABDOME,3.588,(60 minutos),,Ultraformer MPT,60,ULTRAFORMER MPT - ABDOME
clinica Samanta Melo,"Rua Esmeralda, 47, Aclimação",ULTRAFORMER MPT - CULOTE / BANANINHA,2.277,(60 minutos),,Ultraformer MPT,60,ULTRAFORMER MPT - CULOTE / BANANINHA
clinica Samanta Melo,"Rua Esmeralda, 47, Aclimação",ULTRAFORMER MPT - FOX EYES,1.648,(60 minutos),,Ultraformer MPT,60,ULTRAFORMER MPT - FOX EYES
clinica Samanta Melo,"Rua Esmeralda, 47, Aclimação",ULTRAFORMER MPT - INT COXA,2.92,(60 minutos),,Ultraformer MPT,60,ULTRAFORMER MPT - INT COXA
clinica Samanta Melo,"Rua Esmeralda, 47, Aclimação",Ultraformer MPT,650,(60 minutos),,Ultraformer MPT,60,Ultraformer MPT
clinica Samanta Melo,"Rua Esmeralda, 47, Aclimação",Ultraformer MPT,2,(60 minutos),,Ultraformer MPT,60,Ultraformer MPT
Santé Esthétique,"Rua Esmeralda, 47, Aclimação",Ultraformer MPT - BOLSA OCULAR,790,(20 minutos),,Ultraformer MPT,20,Ultraformer MPT - BOLSA OCULAR
Santé Esthétique,"Rua Esmeralda, 47, Aclimação",Ultraformer MPT- ABDOMEN INFERIOR***FLACIDEZ ou QUEIMA de GORDURA,4.29,(120 minutos),,Ultraformer MPT,120,Ultraformer MPT- ABDOMEN INFERIOR***FLACIDEZ ou QUEIMA de GORDURA
Santé Esthétique,"Rua Esmeralda, 47, Aclimação",Ultraformer MPT- ABDOMEN SUPERIOR***FLACIDEZ ou QUEIMA de GORDURA,4.29,(60 minutos),,Ultraformer MPT,60,Ultraformer MPT- ABDOMEN SUPERIOR***FLACIDEZ ou QUEIMA de GORDURA
Santé Esthétique,"Rua Esmeralda, 47, Aclimação",Ultraformer MPT- BICHECTOMIA,1.35,(40 minutos),,Ultraformer MPT,40,Ultraformer MPT- BICHECTOMIA
Santé Esthétique,"Rua Esmeralda, 47, Aclimação",ULTRAFORMER MPT - TERÇO MÉDIO,2.772,(60 minutos),,Ultraformer MPT,60,ULTRAFORMER MPT - TERÇO MÉDIO
Santé Esthétique,"Rua Esmeralda, 47, Aclimação",ULTRAFORMER MPT - ABDOME,3.588,(60 minutos),,Ultraformer MPT,60,ULTRAFORMER MPT - ABDOME
Santé Esthétique,"Rua Esmeralda, 47, Aclimação",ULTRAFORMER MPT - CULOTE / BANANINHA,2.277,(60 minutos),,Ultraformer MPT,60,ULTRAFORMER MPT - CULOTE / BANANINHA
Santé Esthétique,"Rua Esmeralda, 47, Aclimação",ULTRAFORMER MPT - FOX EYES,1.648,(60 minutos),,Ultraformer MPT,60,ULTRAFORMER MPT - FOX EYES
Santé Esthétique,"Rua Esmeralda, 47, Aclimação",ULTRAFORMER MPT - INT COXA,2.92,(60 minutos),,Ultraformer MPT,60,ULTRAFORMER MPT - INT COXA
Santé Esthétique,"Rua Esmeralda, 47, Aclimação",Ultraformer MPT,650,(60 minutos),,Ultraformer MPT,60,Ultraformer MPT
Santé Esthétique,"Rua Esmeralda, 47, Aclimação",Ultraformer MPT,2,(60 minutos),,Ultraformer MPT,60,Ultraformer MPT
Gisele Capelli Embelezamento Ltda,"Rua Esmeralda, 47, Aclimação",Ultraformer MPT - BOLSA OCULAR,790,(20 minutos),,Ultraformer MPT,20,Ultraformer MPT - BOLSA OCULAR
Gisele Capelli Embelezamento Ltda,"Rua Esmeralda, 47, Aclimação",Ultraformer MPT- ABDOMEN INFERIOR***FLACIDEZ ou QUEIMA de GORDURA,4.29,(120 minutos),,Ultraformer MPT,120,Ultraformer MPT- ABDOMEN INFERIOR***FLACIDEZ ou QUEIMA de GORDURA
Gisele Capelli Embelezamento Ltda,"Rua Esmeralda, 47, Aclimação",Ultraformer MPT- ABDOMEN SUPERIOR***FLACIDEZ ou QUEIMA de GORDURA,4.29,(60 minutos),,Ultraformer MPT,60,Ultraformer MPT- ABDOMEN SUPERIOR***FLACIDEZ ou QUEIMA de GORDURA
Gisele Capelli Embelezamento Ltda,"Rua Esmeralda, 47, Aclimação",Ultraformer MPT- BICHECTOMIA,1.35,(40 minutos),,Ultraformer MPT,40,Ultraformer MPT- BICHECTOMIA
Gisele Capelli Embelezamento Ltda,"Rua Esmeralda, 47, Aclimação",ULTRAFORMER MPT - TERÇO MÉDIO,2.772,(60 minutos),,Ultraformer MPT,60,ULTRAFORMER MPT - TERÇO MÉDIO
Gisele Capelli Embelezamento Ltda,"Rua Esmeralda, 47, Aclimação",ULTRAFORMER MPT - ABDOME,3.588,(60 minutos),,Ultraformer MPT,60,ULTRAFORMER MPT - ABDOME
Gisele Capelli Embelezamento Ltda,"Rua Esmeralda, 47, Aclimação",ULTRAFORMER MPT - CULOTE / BANANINHA,2.277,(60 minutos),,Ultraformer MPT,60,ULTRAFORMER MPT - CULOTE / BANANINHA
Gisele Capelli Embelezamento Ltda,"Rua Esmeralda, 47, Aclimação",ULTRAFORMER MPT - FOX EYES,1.648,(60 minutos),,Ultraformer MPT,60,ULTRAFORMER MPT - FOX EYES
Gisele Capelli Embelezamento Ltda,"Rua Esmeralda, 47, Aclimação",ULTRAFORMER MPT - INT COXA,2.92,(60 minutos),,Ultraformer MPT,60,ULTRAFORMER MPT - INT COXA
Gisele Capelli Embelezamento Ltda,"Rua Esmeralda, 47, Aclimação",Ultraformer MPT,650,(60 minutos),,Ultraformer MPT,60,Ultraformer MPT
Gisele Capelli Embelezamento Ltda,"Rua Esmeralda, 47, Aclimação",Ultraformer MPT,2,(60 minutos),,Ultraformer MPT,60,Ultraformer MPT
Vitalité,"Rua Esmeralda, 47, Aclimação",Ultraformer MPT - BOLSA OCULAR,790,(20 minutos),,Ultraformer MPT,20,Ultraformer MPT - BOLSA OCULAR
Vitalité,"Rua Esmeralda, 47, Aclimação",Ultraformer MPT- ABDOMEN INFERIOR***FLACIDEZ ou QUEIMA de GORDURA,4.29,(120 minutos),,Ultraformer MPT,120,Ultraformer MPT- ABDOMEN INFERIOR***FLACIDEZ ou QUEIMA de GORDURA
Vitalité,"Rua Esmeralda, 47, Aclimação",Ultraformer MPT- ABDOMEN SUPERIOR***FLACIDEZ ou QUEIMA de GORDURA,4.29,(60 minutos),,Ultraformer MPT,60,Ultraformer MPT- ABDOMEN SUPERIOR***FLACIDEZ ou QUEIMA de GORDURA
Vitalité,"Rua Esmeralda, 47, Aclimação",Ultraformer MPT- BICHECTOMIA,1.35,(40 minutos),,Ultraformer MPT,40,Ultraformer MPT- BICHECTOMIA
Vitalité,"Rua Esmeralda, 47, Aclimação",ULTRAFORMER MPT - TERÇO MÉDIO,2.772,(60 minutos),,Ultraformer MPT,60,ULTRAFORMER MPT - TERÇO MÉDIO
Vitalité,"Rua Esmeralda, 47, Aclimação",ULTRAFORMER MPT - ABDOME,3.588,(60 minutos),,Ultraformer MPT,60,ULTRAFORMER MPT - ABDOME
Vitalité,"Rua Esmeralda, 47, Aclimação",ULTRAFORMER MPT - CULOTE / BANANINHA,2.277,(60 minutos),,Ultraformer MPT,60,ULTRAFORMER MPT - CULOTE / BANANINHA
Vitalité,"Rua Esmeralda, 47, Aclimação",ULTRAFORMER MPT - FOX EYES,1.648,(60 minutos),,Ultraformer MPT,60,ULTRAFORMER MPT - FOX EYES
Vitalité,"Rua Esmeralda, 47, Aclimação",ULTRAFORMER MPT - INT COXA,2.92,(60 minutos),,Ultraformer MPT,60,ULTRAFORMER MPT - INT COXA
Vitalité,"Rua Esmeralda, 47, Aclimação",Ultraformer MPT,650,(60 minutos),,Ultraformer MPT,60,Ultraformer MPT
Vitalité,"Rua Esmeralda, 47, Aclimação",Ultraformer MPT,2,(60 minutos),,Ultraformer MPT,60,Ultraformer MPT
Cristiane Oliveira Estética Avançada,"Rua Esmeralda, 47, Aclimação",Ultraformer MPT - BOLSA OCULAR,790,(20 minutos),,Ultraformer MPT,20,Ultraformer MPT - BOLSA OCULAR
Cristiane Oliveira Estética Avançada,"Rua Esmeralda, 47, Aclimação",Ultraformer MPT- ABDOMEN INFERIOR***FLACIDEZ ou QUEIMA de GORDURA,4.29,(120 minutos),,Ultraformer MPT,120,Ultraformer MPT- ABDOMEN INFERIOR***FLACIDEZ ou QUEIMA de GORDURA
Cristiane Oliveira Estética Avançada,"Rua Esmeralda, 47, Aclimação",Ultraformer MPT- ABDOMEN SUPERIOR***FLACIDEZ ou QUEIMA de GORDURA,4.29,(60 minutos),,Ultraformer MPT,60,Ultraformer MPT- ABDOMEN SUPERIOR***FLACIDEZ ou QUEIMA de GORDURA
Cristiane Oliveira Estética Avançada,"Rua Esmeralda, 47, Aclimação",Ultraformer MPT- BICHECTOMIA,1.35,(40 minutos),,Ultraformer MPT,40,Ultraformer MPT- BICHECTOMIA
Cristiane Oliveira Estética Avançada,"Rua Esmeralda, 47, Aclimação",ULTRAFORMER MPT - TERÇO MÉDIO,2.772,(60 minutos),,Ultraformer MPT,60,ULTRAFORMER MPT - TERÇO MÉDIO
Cristiane Oliveira Estética Avançada,"Rua Esmeralda, 47, Aclimação",ULTRAFORMER MPT - ABDOME,3.588,(60 minutos),,Ultraformer MPT,60,ULTRAFORMER MPT - ABDOME
Cristiane Oliveira Estética Avançada,"Rua Esmeralda, 47, Aclimação",ULTRAFORMER MPT - CULOTE / BANANINHA,2.277,(60 minutos),,Ultraformer MPT,60,ULTRAFORMER MPT - CULOTE / BANANINHA
Cristiane Oliveira Estética Avançada,"Rua Esmeralda, 47, Aclimação",ULTRAFORMER MPT - FOX EYES,1.648,(60 minutos),,Ultraformer MPT,60,ULTRAFORMER MPT - FOX EYES
Cristiane Oliveira Estética Avançada,"Rua Esmeralda, 47, Aclimação",ULTRAFORMER MPT - INT COXA,2.92,(60 minutos),,Ultraformer MPT,60,ULTRAFORMER MPT - INT COXA
Cristiane Oliveira Estética Avançada,"Rua Esmeralda, 47, Aclimação",Ultraformer MPT,650,(60 minutos),,Ultraformer MPT,60,Ultraformer MPT
Cristiane Oliveira Estética Avançada,"Rua Esmeralda, 47, Aclimação",Ultraformer MPT,2,(60 minutos),,Ultraformer MPT,60,Ultraformer MPT
CLIN DRA MONICA SALVADOR,"Rua Esmeralda, 47, Aclimação",Ultraformer MPT - BOLSA OCULAR,790,(20 minutos),,Ultraformer MPT,20,Ultraformer MPT - BOLSA OCULAR
CLIN DRA MONICA SALVADOR,"Rua Esmeralda, 47, Aclimação",Ultraformer MPT- ABDOMEN INFERIOR***FLACIDEZ ou QUEIMA de GORDURA,4.29,(120 minutos),,Ultraformer MPT,120,Ultraformer MPT- ABDOMEN INFERIOR***FLACIDEZ ou QUEIMA de GORDURA
CLIN DRA MONICA SALVADOR,"Rua Esmeralda, 47, Aclimação",Ultraformer MPT- ABDOMEN SUPERIOR***FLACIDEZ ou QUEIMA de GORDURA,4.29,(60 minutos),,Ultraformer MPT,60,Ultraformer MPT- ABDOMEN SUPERIOR***FLACIDEZ ou QUEIMA de GORDURA
CLIN DRA MONICA SALVADOR,"Rua Esmeralda, 47, Aclimação",Ultraformer MPT- BICHECTOMIA,1.35,(40 minutos),,Ultraformer MPT,40,Ultraformer MPT- BICHECTOMIA
CLIN DRA MONICA SALVADOR,"Rua Esmeralda, 47, Aclimação",ULTRAFORMER MPT - TERÇO MÉDIO,2.772,(60 minutos),,Ultraformer MPT,60,ULTRAFORMER MPT - TERÇO MÉDIO
CLIN DRA MONICA SALVADOR,"Rua Esmeralda, 47, Aclimação",ULTRAFORMER MPT - ABDOME,3.588,(60 minutos),,Ultraformer MPT,60,ULTRAFORMER MPT - ABDOME
CLIN DRA MONICA SALVADOR,"Rua Esmeralda, 47, Aclimação",ULTRAFORMER MPT - CULOTE / BANANINHA,2.277,(60 minutos),,Ultraformer MPT,60,ULTRAFORMER MPT - CULOTE / BANANINHA
CLIN DRA MONICA SALVADOR,"Rua Esmeralda, 47, Aclimação",ULTRAFORMER MPT - FOX EYES,1.648,(60 minutos),,Ultraformer MPT,60,ULTRAFORMER MPT - FOX EYES
CLIN DRA MONICA SALVADOR,"Rua Esmeralda, 47, Aclimação",ULTRAFORMER MPT - INT COXA,2.92,(60 minutos),,Ultraformer MPT,60,ULTRAFORMER MPT - INT COXA
CLIN DRA MONICA SALVADOR,"Rua Esmeralda, 47, Aclimação",Ultraformer MPT,650,(60 minutos),,Ultraformer MPT,60,Ultraformer MPT
CLIN DRA MONICA SALVADOR,"Rua Esmeralda, 47, Aclimação",Ultraformer MPT,2,(60 minutos),,Ultraformer MPT,60,Ultraformer MPT
ESPAÇO IRIS FRANÇA,"Rua Esmeralda, 47, Aclimação",Ultraformer MPT - BOLSA OCULAR,790,(20 minutos),,Ultraformer MPT,20,Ultraformer MPT - BOLSA OCULAR
ESPAÇO IRIS FRANÇA,"Rua Esmeralda, 47, Aclimação",Ultraformer MPT- ABDOMEN INFERIOR***FLACIDEZ ou QUEIMA de GORDURA,4.29,(120 minutos),,Ultraformer MPT,120,Ultraformer MPT- ABDOMEN INFERIOR***FLACIDEZ ou QUEIMA de GORDURA
ESPAÇO IRIS FRANÇA,"Rua Esmeralda, 47, Aclimação",Ultraformer MPT- ABDOMEN SUPERIOR***FLACIDEZ ou QUEIMA de GORDURA,4.29,(60 minutos),,Ultraformer MPT,60,Ultraformer MPT- ABDOMEN SUPERIOR***FLACIDEZ ou QUEIMA de GORDURA
ESPAÇO IRIS FRANÇA,"Rua Esmeralda, 47, Aclimação",Ultraformer MPT- BICHECTOMIA,1.35,(40 minutos),,Ultraformer MPT,40,Ultraformer MPT- BICHECTOMIA
ESPAÇO IRIS FRANÇA,"Rua Esmeralda, 47, Aclimação",ULTRAFORMER MPT - TERÇO MÉDIO,2.772,(60 minutos),,Ultraformer MPT,60,ULTRAFORMER MPT - TERÇO MÉDIO
ESPAÇO IRIS FRANÇA,"Rua Esmeralda, 47, Aclimação",ULTRAFORMER MPT - ABDOME,3.588,(60 minutos),,Ultraformer MPT,60,ULTRAFORMER MPT - ABDOME
ESPAÇO IRIS FRANÇA,"Rua Esmeralda, 47, Aclimação",ULTRAFORMER MPT - CULOTE / BANANINHA,2.277,(60 minutos),,Ultraformer MPT,60,ULTRAFORMER MPT - CULOTE / BANANINHA
ESPAÇO IRIS FRANÇA,"Rua Esmeralda, 47, Aclimação",ULTRAFORMER MPT - FOX EYES,1.648,(60 minutos),,Ultraformer MPT,60,ULTRAFORMER MPT - FOX EYES
ESPAÇO IRIS FRANÇA,"Rua Esmeralda, 47, Aclimação",ULTRAFORMER MPT - INT COXA,2.92,(60 minutos),,Ultraformer MPT,60,ULTRAFORMER MPT - INT COXA
ESPAÇO IRIS FRANÇA,"Rua Esmeralda, 47, Aclimação",Ultraformer MPT,650,(60 minutos),,Ultraformer MPT,60,Ultraformer MPT
ESPAÇO IRIS FRANÇA,"Rua Esmeralda, 47, Aclimação",Ultraformer MPT,2,(60 minutos),,Ultraformer MPT,60,Ultraformer MPT
CLAUDIR - PRAÇA,"Rua Esmeralda, 47, Aclimação",Ultraformer MPT - BOLSA OCULAR,790,(20 minutos),,Ultraformer MPT,20,Ultraformer MPT - BOLSA OCULAR
CLAUDIR - PRAÇA,"Rua Esmeralda, 47, Aclimação",Ultraformer MPT- ABDOMEN INFERIOR***FLACIDEZ ou QUEIMA de GORDURA,4.29,(120 minutos),,Ultraformer MPT,120,Ultraformer MPT- ABDOMEN INFERIOR***FLACIDEZ ou QUEIMA de GORDURA
CLAUDIR - PRAÇA,"Rua Esmeralda, 47, Aclimação",Ultraformer MPT- ABDOMEN SUPERIOR***FLACIDEZ ou QUEIMA de GORDURA,4.29,(60 minutos),,Ultraformer MPT,60,Ultraformer MPT- ABDOMEN SUPERIOR***FLACIDEZ ou QUEIMA de GORDURA
CLAUDIR - PRAÇA,"Rua Esmeralda, 47, Aclimação",Ultraformer MPT- BICHECTOMIA,1.35,(40 minutos),,Ultraformer MPT,40,Ultraformer MPT- BICHECTOMIA
CLAUDIR - PRAÇA,"Rua Esmeralda, 47, Aclimação",ULTRAFORMER MPT - TERÇO MÉDIO,2.772,(60 minutos),,Ultraformer MPT,60,ULTRAFORMER MPT - TERÇO MÉDIO
CLAUDIR - PRAÇA,"Rua Esmeralda, 47, Aclimação",ULTRAFORMER MPT - ABDOME,3.588,(60 minutos),,Ultraformer MPT,60,ULTRAFORMER MPT - ABDOME
CLAUDIR - PRAÇA,"Rua Esmeralda, 47, Aclimação",ULTRAFORMER MPT - CULOTE / BANANINHA,2.277,(60 minutos),,Ultraformer MPT,60,ULTRAFORMER MPT - CULOTE / BANANINHA
CLAUDIR - PRAÇA,"Rua Esmeralda, 47, Aclimação",ULTRAFORMER MPT - FOX EYES,1.648,(60 minutos),,Ultraformer MPT,60,ULTRAFORMER MPT - FOX EYES
CLAUDIR - PRAÇA,"Rua Esmeralda, 47, Aclimação",ULTRAFORMER MPT - INT COXA,2.92,(60 minutos),,Ultraformer MPT,60,ULTRAFORMER MPT - INT COXA
CLAUDIR - PRAÇA,"Rua Esmeralda, 47, Aclimação",Ultraformer MPT,650,(60 minutos),,Ultraformer MPT,60,Ultraformer MPT
CLAUDIR - PRAÇA,"Rua Esmeralda, 47, Aclimação",Ultraformer MPT,2,(60 minutos),,Ultraformer MPT,60,Ultraformer MPT
Valéria Cajaiba Studio,"Rua Esmeralda, 47, Aclimação",Ultraformer MPT - BOLSA OCULAR,790,(20 minutos),,Ultraformer MPT,20,Ultraformer MPT - BOLSA OCULAR
Valéria Cajaiba Studio,"Rua Esmeralda, 47, Aclimação",Ultraformer MPT- ABDOMEN INFERIOR***FLACIDEZ ou QUEIMA de GORDURA,4.29,(120 minutos),,Ultraformer MPT,120,Ultraformer MPT- ABDOMEN INFERIOR***FLACIDEZ ou QUEIMA de GORDURA
Valéria Cajaiba Studio,"Rua Esmeralda, 47, Aclimação",Ultraformer MPT- ABDOMEN SUPERIOR***FLACIDEZ ou QUEIMA de GORDURA,4.29,(60 minutos),,Ultraformer MPT,60,Ultraformer MPT- ABDOMEN SUPERIOR***FLACIDEZ ou QUEIMA de GORDURA
Valéria Cajaiba Studio,"Rua Esmeralda, 47, Aclimação",Ultraformer MPT- BICHECTOMIA,1.35,(40 minutos),,Ultraformer MPT,40,Ultraformer MPT- BICHECTOMIA
Valéria Cajaiba Studio,"Rua Esmeralda, 47, Aclimação",ULTRAFORMER MPT - TERÇO MÉDIO,2.772,(60 minutos),,Ultraformer MPT,60,ULTRAFORMER MPT - TERÇO MÉDIO
Valéria Cajaiba Studio,"Rua Esmeralda, 47, Aclimação",ULTRAFORMER MPT - ABDOME,3.588,(60 minutos),,Ultraformer MPT,60,ULTRAFORMER MPT - ABDOME
Valéria Cajaiba Studio,"Rua Esmeralda, 47, Aclimação",ULTRAFORMER MPT - CULOTE / BANANINHA,2.277,(60 minutos),,Ultraformer MPT,60,ULTRAFORMER MPT - CULOTE / BANANINHA
Valéria Cajaiba Studio,"Rua Esmeralda, 47, Aclimação",ULTRAFORMER MPT - FOX EYES,1.648,(60 minutos),,Ultraformer MPT,60,ULTRAFORMER MPT - FOX EYES
Valéria Cajaiba Studio,"Rua Esmeralda, 47, Aclimação",ULTRAFORMER MPT - INT COXA,2.92,(60 minutos),,Ultraformer MPT,60,ULTRAFORMER MPT - INT COXA
Valéria Cajaiba Studio,"Rua Esmeralda, 47, Aclimação",Ultraformer MPT,650,(60 minutos),,Ultraformer MPT,60,Ultraformer MPT
Valéria Cajaiba Studio,"Rua Esmeralda, 47, Aclimação",Ultraformer MPT,2,(60 minutos),,Ultraformer MPT,60,Ultraformer MPT
Paula Couto,"Rua Esmeralda, 47, Aclimação",Ultraformer MPT - BOLSA OCULAR,790,(20 minutos),,Ultraformer MPT,20,Ultraformer MPT - BOLSA OCULAR
Paula Couto,"Rua Esmeralda, 47, Aclimação",Ultraformer MPT- ABDOMEN INFERIOR***FLACIDEZ ou QUEIMA de GORDURA,4.29,(120 minutos),,Ultraformer MPT,120,Ultraformer MPT- ABDOMEN INFERIOR***FLACIDEZ ou QUEIMA de GORDURA
Paula Couto,"Rua Esmeralda, 47, Aclimação",Ultraformer MPT- ABDOMEN SUPERIOR***FLACIDEZ ou QUEIMA de GORDURA,4.29,(60 minutos),,Ultraformer MPT,60,Ultraformer MPT- ABDOMEN SUPERIOR***FLACIDEZ ou QUEIMA de GORDURA
Paula Couto,"Rua Esmeralda, 47, Aclimação",Ultraformer MPT- BICHECTOMIA,1.35,(40 minutos),,Ultraformer MPT,40,Ultraformer MPT- BICHECTOMIA
Paula Couto,"Rua Esmeralda, 47, Aclimação",ULTRAFORMER MPT - TERÇO MÉDIO,2.772,(60 minutos),,Ultraformer MPT,60,ULTRAFORMER MPT - TERÇO MÉDIO
Paula Couto,"Rua Esmeralda, 47, Aclimação",ULTRAFORMER MPT - ABDOME,3.588,(60 minutos),,Ultraformer MPT,60,ULTRAFORMER MPT - ABDOME
Paula Couto,"Rua Esmeralda, 47, Aclimação",ULTRAFORMER MPT - CULOTE / BANANINHA,2.277,(60 minutos),,Ultraformer MPT,60,ULTRAFORMER MPT - CULOTE / BANANINHA
Paula Couto,"Rua Esmeralda, 47, Aclimação",ULTRAFORMER MPT - FOX EYES,1.648,(60 minutos),,Ultraformer MPT,60,ULTRAFORMER MPT - FOX EYES
Paula Couto,"Rua Esmeralda, 47, Aclimação",ULTRAFORMER MPT - INT COXA,2.92,(60 minutos),,Ultraformer MPT,60,ULTRAFORMER MPT - INT COXA
Paula Couto,"Rua Esmeralda, 47, Aclimação",Ultraformer MPT,650,(60 minutos),,Ultraformer MPT,60,Ultraformer MPT
Paula Couto,"Rua Esmeralda, 47, Aclimação",Ultraformer MPT,2,(60 minutos),,Ultraformer MPT,60,Ultraformer MPT
Clínica Thaís Jonhson,"Rua Esmeralda, 47, Aclimação",Ultraformer MPT - BOLSA OCULAR,790,(20 minutos),,Ultraformer MPT,20,Ultraformer MPT - BOLSA OCULAR
Clínica Thaís Jonhson,"Rua Esmeralda, 47, Aclimação",Ultraformer MPT- ABDOMEN INFERIOR***FLACIDEZ ou QUEIMA de GORDURA,4.29,(120 minutos),,Ultraformer MPT,120,Ultraformer MPT- ABDOMEN INFERIOR***FLACIDEZ ou QUEIMA de GORDURA
Clínica Thaís Jonhson,"Rua Esmeralda, 47, Aclimação",Ultraformer MPT- ABDOMEN SUPERIOR***FLACIDEZ ou QUEIMA de GORDURA,4.29,(60 minutos),,Ultraformer MPT,60,Ultraformer MPT- ABDOMEN SUPERIOR***FLACIDEZ ou QUEIMA de GORDURA
Clínica Thaís Jonhson,"Rua Esmeralda, 47, Aclimação",Ultraformer MPT- BICHECTOMIA,1.35,(40 minutos),,Ultraformer MPT,40,Ultraformer MPT- BICHECTOMIA
Clínica Thaís Jonhson,"Rua Esmeralda, 47, Aclimação",ULTRAFORMER MPT - TERÇO MÉDIO,2.772,(60 minutos),,Ultraformer MPT,60,ULTRAFORMER MPT - TERÇO MÉDIO
Clínica Thaís Jonhson,"Rua Esmeralda, 47, Aclimação",ULTRAFORMER MPT - ABDOME,3.588,(60 minutos),,Ultraformer MPT,60,ULTRAFORMER MPT - ABDOME
Clínica Thaís Jonhson,"Rua Esmeralda, 47, Aclimação",ULTRAFORMER MPT - CULOTE / BANANINHA,2.277,(60 minutos),,Ultraformer MPT,60,ULTRAFORMER MPT - CULOTE / BANANINHA
Clínica Thaís Jonhson,"Rua Esmeralda, 47, Aclimação",ULTRAFORMER MPT - FOX EYES,1.648,(60 minutos),,Ultraformer MPT,60,ULTRAFORMER MPT - FOX EYES
Clínica Thaís Jonhson,"Rua Esmeralda, 47, Aclimação",ULTRAFORMER MPT - INT COXA,2.92,(60 minutos),,Ultraformer MPT,60,ULTRAFORMER MPT - INT COXA
Clínica Thaís Jonhson,"Rua Esmeralda, 47, Aclimação",Ultraformer MPT,650,(60 minutos),,Ultraformer MPT,60,Ultraformer MPT
Clínica Thaís Jonhson,"Rua Esmeralda, 47, Aclimação",Ultraformer MPT,2,(60 minutos),,Ultraformer MPT,60,Ultraformer MPT
CLINICA SHIRLEY DIAS,"Rua Esmeralda, 47, Aclimação",Ultraformer MPT - BOLSA OCULAR,790,(20 minutos),,Ultraformer MPT,20,Ultraformer MPT - BOLSA OCULAR
CLINICA SHIRLEY DIAS,"Rua Esmeralda, 47, Aclimação",Ultraformer MPT- ABDOMEN INFERIOR***FLACIDEZ ou QUEIMA de GORDURA,4.29,(120 minutos),,Ultraformer MPT,120,Ultraformer MPT- ABDOMEN INFERIOR***FLACIDEZ ou QUEIMA de GORDURA
CLINICA SHIRLEY DIAS,"Rua Esmeralda, 47, Aclimação",Ultraformer MPT- ABDOMEN SUPERIOR***FLACIDEZ ou QUEIMA de GORDURA,4.29,(60 minutos),,Ultraformer MPT,60,Ultraformer MPT- ABDOMEN SUPERIOR***FLACIDEZ ou QUEIMA de GORDURA
CLINICA SHIRLEY DIAS,"Rua Esmeralda, 47, Aclimação",Ultraformer MPT- BICHECTOMIA,1.35,(40 minutos),,Ultraformer MPT,40,Ultraformer MPT- BICHECTOMIA
CLINICA SHIRLEY DIAS,"Rua Esmeralda, 47, Aclimação",ULTRAFORMER MPT - TERÇO MÉDIO,2.772,(60 minutos),,Ultraformer MPT,60,ULTRAFORMER MPT - TERÇO MÉDIO
CLINICA SHIRLEY DIAS,"Rua Esmeralda, 47, Aclimação",ULTRAFORMER MPT - ABDOME,3.588,(60 minutos),,Ultraformer MPT,60,ULTRAFORMER MPT - ABDOME
CLINICA SHIRLEY DIAS,"Rua Esmeralda, 47, Aclimação",ULTRAFORMER MPT - CULOTE / BANANINHA,2.277,(60 minutos),,Ultraformer MPT,60,ULTRAFORMER MPT - CULOTE / BANANINHA
CLINICA SHIRLEY DIAS,"Rua Esmeralda, 47, Aclimação",ULTRAFORMER MPT - FOX EYES,1.648,(60 minutos),,Ultraformer MPT,60,ULTRAFORMER MPT - FOX EYES
CLINICA SHIRLEY DIAS,"Rua Esmeralda, 47, Aclimação",ULTRAFORMER MPT - INT COXA,2.92,(60 minutos),,Ultraformer MPT,60,ULTRAFORMER MPT - INT COXA
CLINICA SHIRLEY DIAS,"Rua Esmeralda, 47, Aclimação",Ultraformer MPT,650,(60 minutos),,Ultraformer MPT,60,Ultraformer MPT
CLINICA SHIRLEY DIAS,"Rua Esmeralda, 47, Aclimação",Ultraformer MPT,2,(60 minutos),,Ultraformer MPT,60,Ultraformer MPT
"Renove Saúde, Estetica e Bem Estar Ltda","Rua Esmeralda, 47, Aclimação",Ultraformer MPT - BOLSA OCULAR,790,(20 minutos),,Ultraformer MPT,20,Ultraformer MPT - BOLSA OCULAR
"Renove Saúde, Estetica e Bem Estar Ltda","Rua Esmeralda, 47, Aclimação",Ultraformer MPT- ABDOMEN INFERIOR***FLACIDEZ ou QUEIMA de GORDURA,4.29,(120 minutos),,Ultraformer MPT,120,Ultraformer MPT- ABDOMEN INFERIOR***FLACIDEZ ou QUEIMA de GORDURA
"Renove Saúde, Estetica e Bem Estar Ltda","Rua Esmeralda, 47, Aclimação",Ultraformer MPT- ABDOMEN SUPERIOR***FLACIDEZ ou QUEIMA de GORDURA,4.29,(60 minutos),,Ultraformer MPT,60,Ultraformer MPT- ABDOMEN SUPERIOR***FLACIDEZ ou QUEIMA de GORDURA
"Renove Saúde, Estetica e Bem Estar Ltda","Rua Esmeralda, 47, Aclimação",Ultraformer MPT- BICHECTOMIA,1.35,(40 minutos),,Ultraformer MPT,40,Ultraformer MPT- BICHECTOMIA
"Renove Saúde, Estetica e Bem Estar Ltda","Rua Esmeralda, 47, Aclimação",ULTRAFORMER MPT - TERÇO MÉDIO,2.772,(60 minutos),,Ultraformer MPT,60,ULTRAFORMER MPT - TERÇO MÉDIO
"Renove Saúde, Estetica e Bem Estar Ltda","Rua Esmeralda, 47, Aclimação",ULTRAFORMER MPT - ABDOME,3.588,(60 minutos),,Ultraformer MPT,60,ULTRAFORMER MPT - ABDOME
"Renove Saúde, Estetica e Bem Estar Ltda","Rua Esmeralda, 47, Aclimação",ULTRAFORMER MPT - CULOTE / BANANINHA,2.277,(60 minutos),,Ultraformer MPT,60,ULTRAFORMER MPT - CULOTE / BANANINHA
"Renove Saúde, Estetica e Bem Estar Ltda","Rua Esmeralda, 47, Aclimação",ULTRAFORMER MPT - FOX EYES,1.648,(60 minutos),,Ultraformer MPT,60,ULTRAFORMER MPT - FOX EYES
"Renove Saúde, Estetica e Bem Estar Ltda","Rua Esmeralda, 47, Aclimação",ULTRAFORMER MPT - INT COXA,2.92,(60 minutos),,Ultraformer MPT,60,ULTRAFORMER MPT - INT COXA
"Renove Saúde, Estetica e Bem Estar Ltda","Rua Esmeralda, 47, Aclimação",Ultraformer MPT,650,(60 minutos),,Ultraformer MPT,60,Ultraformer MPT
"Renove Saúde, Estetica e Bem Estar Ltda","Rua Esmeralda, 47, Aclimação",Ultraformer MPT,2,(60 minutos),,Ultraformer MPT,60,Ultraformer MPT
ASIAN GARDEN,"Rua Esmeralda, 47, Aclimação",Ultraformer MPT - BOLSA OCULAR,790,(20 minutos),,Ultraformer MPT,20,Ultraformer MPT - BOLSA OCULAR
ASIAN GARDEN,"Rua Esmeralda, 47, Aclimação",Ultraformer MPT- ABDOMEN INFERIOR***FLACIDEZ ou QUEIMA de GORDURA,4.29,(120 minutos),,Ultraformer MPT,120,Ultraformer MPT- ABDOMEN INFERIOR***FLACIDEZ ou QUEIMA de GORDURA
ASIAN GARDEN,"Rua Esmeralda, 47, Aclimação",Ultraformer MPT- ABDOMEN SUPERIOR***FLACIDEZ ou QUEIMA de GORDURA,4.29,(60 minutos),,Ultraformer MPT,60,Ultraformer MPT- ABDOMEN SUPERIOR***FLACIDEZ ou QUEIMA de GORDURA
ASIAN GARDEN,"Rua Esmeralda, 47, Aclimação",Ultraformer MPT- BICHECTOMIA,1.35,(40 minutos),,Ultraformer MPT,40,Ultraformer MPT- BICHECTOMIA
ASIAN GARDEN,"Rua Esmeralda, 47, Aclimação",ULTRAFORMER MPT - TERÇO MÉDIO,2.772,(60 minutos),,Ultraformer MPT,60,ULTRAFORMER MPT - TERÇO MÉDIO
ASIAN GARDEN,"Rua Esmeralda, 47, Aclimação",ULTRAFORMER MPT - ABDOME,3.588,(60 minutos),,Ultraformer MPT,60,ULTRAFORMER MPT - ABDOME
ASIAN GARDEN,"Rua Esmeralda, 47, Aclimação",ULTRAFORMER MPT - CULOTE / BANANINHA,2.277,(60 minutos),,Ultraformer MPT,60,ULTRAFORMER MPT - CULOTE / BANANINHA
ASIAN GARDEN,"Rua Esmeralda, 47, Aclimação",ULTRAFORMER MPT - FOX EYES,1.648,(60 minutos),,Ultraformer MPT,60,ULTRAFORMER MPT - FOX EYES
ASIAN GARDEN,"Rua Esmeralda, 47, Aclimação",ULTRAFORMER MPT - INT COXA,2.92,(60 minutos),,Ultraformer MPT,60,ULTRAFORMER MPT - INT COXA
ASIAN GARDEN,"Rua Esmeralda, 47, Aclimação",Ultraformer MPT,650,(60 minutos),,Ultraformer MPT,60,Ultraformer MPT
ASIAN GARDEN,"Rua Esmeralda, 47, Aclimação",Ultraformer MPT,2,(60 minutos),,Ultraformer MPT,60,Ultraformer MPT
Vitória Régia Estética,"Rua Esmeralda, 47, Aclimação",Ultraformer MPT - BOLSA OCULAR,790,(20 minutos),,Ultraformer MPT,20,Ultraformer MPT - BOLSA OCULAR
Vitória Régia Estética,"Rua Esmeralda, 47, Aclimação",Ultraformer MPT- ABDOMEN INFERIOR***FLACIDEZ ou QUEIMA de GORDURA,4.29,(120 minutos),,Ultraformer MPT,120,Ultraformer MPT- ABDOMEN INFERIOR***FLACIDEZ ou QUEIMA de GORDURA
Vitória Régia Estética,"Rua Esmeralda, 47, Aclimação",Ultraformer MPT- ABDOMEN SUPERIOR***FLACIDEZ ou QUEIMA de GORDURA,4.29,(60 minutos),,Ultraformer MPT,60,Ultraformer MPT- ABDOMEN SUPERIOR***FLACIDEZ ou QUEIMA de GORDURA
Vitória Régia Estética,"Rua Esmeralda, 47, Aclimação",Ultraformer MPT- BICHECTOMIA,1.35,(40 minutos),,Ultraformer MPT,40,Ultraformer MPT- BICHECTOMIA
Vitória Régia Estética,"Rua Esmeralda, 47, Aclimação",ULTRAFORMER MPT - TERÇO MÉDIO,2.772,(60 minutos),,Ultraformer MPT,60,ULTRAFORMER MPT - TERÇO MÉDIO
Vitória Régia Estética,"Rua Esmeralda, 47, Aclimação",ULTRAFORMER MPT - ABDOME,3.588,(60 minutos),,Ultraformer MPT,60,ULTRAFORMER MPT - ABDOME
Vitória Régia Estética,"Rua Esmeralda, 47, Aclimação",ULTRAFORMER MPT - CULOTE / BANANINHA,2.277,(60 minutos),,Ultraformer MPT,60,ULTRAFORMER MPT - CULOTE / BANANINHA
Vitória Régia Estética,"Rua Esmeralda, 47, Aclimação",ULTRAFORMER MPT - FOX EYES,1.648,(60 minutos),,Ultraformer MPT,60,ULTRAFORMER MPT - FOX EYES
Vitória Régia Estética,"Rua Esmeralda, 47, Aclimação",ULTRAFORMER MPT - INT COXA,2.92,(60 minutos),,Ultraformer MPT,60,ULTRAFORMER MPT - INT COXA
Vitória Régia Estética,"Rua Esmeralda, 47, Aclimação",Ultraformer MPT,650,(60 minutos),,Ultraformer MPT,60,Ultraformer MPT
Vitória Régia Estética,"Rua Esmeralda, 47, Aclimação",Ultraformer MPT,2,(60 minutos),,Ultraformer MPT,60,Ultraformer MPT
Probelle Estetica Avançada,"Rua Esmeralda, 47, Aclimação",Ultraformer MPT - BOLSA OCULAR,790,(20 minutos),,Ultraformer MPT,20,Ultraformer MPT - BOLSA OCULAR
Probelle Estetica Avançada,"Rua Esmeralda, 47, Aclimação",Ultraformer MPT- ABDOMEN INFERIOR***FLACIDEZ ou QUEIMA de GORDURA,4.29,(120 minutos),,Ultraformer MPT,120,Ultraformer MPT- ABDOMEN INFERIOR***FLACIDEZ ou QUEIMA de GORDURA
Probelle Estetica Avançada,"Rua Esmeralda, 47, Aclimação",Ultraformer MPT- ABDOMEN SUPERIOR***FLACIDEZ ou QUEIMA de GORDURA,4.29,(60 minutos),,Ultraformer MPT,60,Ultraformer MPT- ABDOMEN SUPERIOR***FLACIDEZ ou QUEIMA de GORDURA
Probelle Estetica Avançada,"Rua Esmeralda, 47, Aclimação",Ultraformer MPT- BICHECTOMIA,1.35,(40 minutos),,Ultraformer MPT,40,Ultraformer MPT- BICHECTOMIA
Probelle Estetica Avançada,"Rua Esmeralda, 47, Aclimação",ULTRAFORMER MPT - TERÇO MÉDIO,2.772,(60 minutos),,Ultraformer MPT,60,ULTRAFORMER MPT - TERÇO MÉDIO
Probelle Estetica Avançada,"Rua Esmeralda, 47, Aclimação",ULTRAFORMER MPT - ABDOME,3.588,(60 minutos),,Ultraformer MPT,60,ULTRAFORMER MPT - ABDOME
Probelle Estetica Avançada,"Rua Esmeralda, 47, Aclimação",ULTRAFORMER MPT - CULOTE / BANANINHA,2.277,(60 minutos),,Ultraformer MPT,60,ULTRAFORMER MPT - CULOTE / BANANINHA
Probelle Estetica Avançada,"Rua Esmeralda, 47, Aclimação",ULTRAFORMER MPT - FOX EYES,1.648,(60 minutos),,Ultraformer MPT,60,ULTRAFORMER MPT - FOX EYES
Probelle Estetica Avançada,"Rua Esmeralda, 47, Aclimação",ULTRAFORMER MPT - INT COXA,2.92,(60 minutos),,Ultraformer MPT,60,ULTRAFORMER MPT - INT COXA
Probelle Estetica Avançada,"Rua Esmeralda, 47, Aclimação",Ultraformer MPT,650,(60 minutos),,Ultraformer MPT,60,Ultraformer MPT
Probelle Estetica Avançada,"Rua Esmeralda, 47, Aclimação",Ultraformer MPT,2,(60 minutos),,Ultraformer MPT,60,Ultraformer MPT
Studio Fisiobela,"Rua Esmeralda, 47, Aclimação",Ultraformer MPT - BOLSA OCULAR,790,(20 minutos),,Ultraformer MPT,20,Ultraformer MPT - BOLSA OCULAR
Studio Fisiobela,"Rua Esmeralda, 47, Aclimação",Ultraformer MPT- ABDOMEN INFERIOR***FLACIDEZ ou QUEIMA de GORDURA,4.29,(120 minutos),,Ultraformer MPT,120,Ultraformer MPT- ABDOMEN INFERIOR***FLACIDEZ ou QUEIMA de GORDURA
Studio Fisiobela,"Rua Esmeralda, 47, Aclimação",Ultraformer MPT- ABDOMEN SUPERIOR***FLACIDEZ ou QUEIMA de GORDURA,4.29,(60 minutos),,Ultraformer MPT,60,Ultraformer MPT- ABDOMEN SUPERIOR***FLACIDEZ ou QUEIMA de GORDURA
Studio Fisiobela,"Rua Esmeralda, 47, Aclimação",Ultraformer MPT- BICHECTOMIA,1.35,(40 minutos),,Ultraformer MPT,40,Ultraformer MPT- BICHECTOMIA
Studio Fisiobela,"Rua Esmeralda, 47, Aclimação",ULTRAFORMER MPT - TERÇO MÉDIO,2.772,(60 minutos),,Ultraformer MPT,60,ULTRAFORMER MPT - TERÇO MÉDIO
Studio Fisiobela,"Rua Esmeralda, 47, Aclimação",ULTRAFORMER MPT - ABDOME,3.588,(60 minutos),,Ultraformer MPT,60,ULTRAFORMER MPT - ABDOME
Studio Fisiobela,"Rua Esmeralda, 47, Aclimação",ULTRAFORMER MPT - CULOTE / BANANINHA,2.277,(60 minutos),,Ultraformer MPT,60,ULTRAFORMER MPT - CULOTE / BANANINHA
Studio Fisiobela,"Rua Esmeralda, 47, Aclimação",ULTRAFORMER MPT - FOX EYES,1.648,(60 minutos),,Ultraformer MPT,60,ULTRAFORMER MPT - FOX EYES
Studio Fisiobela,"Rua Esmeralda, 47, Aclimação",ULTRAFORMER MPT - INT COXA,2.92,(60 minutos),,Ultraformer MPT,60,ULTRAFORMER MPT - INT COXA
Studio Fisiobela,"Rua Esmeralda, 47, Aclimação",Ultraformer MPT,650,(60 minutos),,Ultraformer MPT,60,Ultraformer MPT
Studio Fisiobela,"Rua Esmeralda, 47, Aclimação",Ultraformer MPT,2,(60 minutos),,Ultraformer MPT,60,Ultraformer MPT
Centro de Beleza Botafogo,"Rua Esmeralda, 47, Aclimação",Ultraformer MPT - BOLSA OCULAR,790,(20 minutos),,Ultraformer MPT,20,Ultraformer MPT - BOLSA OCULAR
Centro de Beleza Botafogo,"Rua Esmeralda, 47, Aclimação",Ultraformer MPT- ABDOMEN INFERIOR***FLACIDEZ ou QUEIMA de GORDURA,4.29,(120 minutos),,Ultraformer MPT,120,Ultraformer MPT- ABDOMEN INFERIOR***FLACIDEZ ou QUEIMA de GORDURA
Centro de Beleza Botafogo,"Rua Esmeralda, 47, Aclimação",Ultraformer MPT- ABDOMEN SUPERIOR***FLACIDEZ ou QUEIMA de GORDURA,4.29,(60 minutos),,Ultraformer MPT,60,Ultraformer MPT- ABDOMEN SUPERIOR***FLACIDEZ ou QUEIMA de GORDURA
Centro de Beleza Botafogo,"Rua Esmeralda, 47, Aclimação",Ultraformer MPT- BICHECTOMIA,1.35,(40 minutos),,Ultraformer MPT,40,Ultraformer MPT- BICHECTOMIA
Centro de Beleza Botafogo,"Rua Esmeralda, 47, Aclimação",ULTRAFORMER MPT - TERÇO MÉDIO,2.772,(60 minutos),,Ultraformer MPT,60,ULTRAFORMER MPT - TERÇO MÉDIO
Centro de Beleza Botafogo,"Rua Esmeralda, 47, Aclimação",ULTRAFORMER MPT - ABDOME,3.588,(60 minutos),,Ultraformer MPT,60,ULTRAFORMER MPT - ABDOME
Centro de Beleza Botafogo,"Rua Esmeralda, 47, Aclimação",ULTRAFORMER MPT - CULOTE / BANANINHA,2.277,(60 minutos),,Ultraformer MPT,60,ULTRAFORMER MPT - CULOTE / BANANINHA
Centro de Beleza Botafogo,"Rua Esmeralda, 47, Aclimação",ULTRAFORMER MPT - FOX EYES,1.648,(60 minutos),,Ultraformer MPT,60,ULTRAFORMER MPT - FOX EYES
Centro de Beleza Botafogo,"Rua Esmeralda, 47, Aclimação",ULTRAFORMER MPT - INT COXA,2.92,(60 minutos),,Ultraformer MPT,60,ULTRAFORMER MPT - INT COXA
Centro de Beleza Botafogo,"Rua Esmeralda, 47, Aclimação",Ultraformer MPT,650,(60 minutos),,Ultraformer MPT,60,Ultraformer MPT
Centro de Beleza Botafogo,"Rua Esmeralda, 47, Aclimação",Ultraformer MPT,2,(60 minutos),,Ultraformer MPT,60,Ultraformer MPT
Clínica Dra. Elisa de Carvalho Prieto Saude & Estetica,"Rua Esmeralda, 47, Aclimação",Ultraformer MPT - BOLSA OCULAR,790,(20 minutos),,Ultraformer MPT,20,Ultraformer MPT - BOLSA OCULAR
Clínica Dra. Elisa de Carvalho Prieto Saude & Estetica,"Rua Esmeralda, 47, Aclimação",Ultraformer MPT- ABDOMEN INFERIOR***FLACIDEZ ou QUEIMA de GORDURA,4.29,(120 minutos),,Ultraformer MPT,120,Ultraformer MPT- ABDOMEN INFERIOR***FLACIDEZ ou QUEIMA de GORDURA
Clínica Dra. Elisa de Carvalho Prieto Saude & Estetica,"Rua Esmeralda, 47, Aclimação",Ultraformer MPT- ABDOMEN SUPERIOR***FLACIDEZ ou QUEIMA de GORDURA,4.29,(60 minutos),,Ultraformer MPT,60,Ultraformer MPT- ABDOMEN SUPERIOR***FLACIDEZ ou QUEIMA de GORDURA
Clínica Dra. Elisa de Carvalho Prieto Saude & Estetica,"Rua Esmeralda, 47, Aclimação",Ultraformer MPT- BICHECTOMIA,1.35,(40 minutos),,Ultraformer MPT,40,Ultraformer MPT- BICHECTOMIA
Clínica Dra. Elisa de Carvalho Prieto Saude & Estetica,"Rua Esmeralda, 47, Aclimação",ULTRAFORMER MPT - TERÇO MÉDIO,2.772,(60 minutos),,Ultraformer MPT,60,ULTRAFORMER MPT - TERÇO MÉDIO
Clínica Dra. Elisa de Carvalho Prieto Saude & Estetica,"Rua Esmeralda, 47, Aclimação",ULTRAFORMER MPT - ABDOME,3.588,(60 minutos),,Ultraformer MPT,60,ULTRAFORMER MPT - ABDOME
Clínica Dra. Elisa de Carvalho Prieto Saude & Estetica,"Rua Esmeralda, 47, Aclimação",ULTRAFORMER MPT - CULOTE / BANANINHA,2.277,(60 minutos),,Ultraformer MPT,60,ULTRAFORMER MPT - CULOTE / BANANINHA
Clínica Dra. Elisa de Carvalho Prieto Saude & Estetica,"Rua Esmeralda, 47, Aclimação",ULTRAFORMER MPT - FOX EYES,1.648,(60 minutos),,Ultraformer MPT,60,ULTRAFORMER MPT - FOX EYES
Clínica Dra. Elisa de Carvalho Prieto Saude & Estetica,"Rua Esmeralda, 47, Aclimação",ULTRAFORMER MPT - INT COXA,2.92,(60 minutos),,Ultraformer MPT,60,ULTRAFORMER MPT - INT COXA
Clínica Dra. Elisa de Carvalho Prieto Saude & Estetica,"Rua Esmeralda, 47, Aclimação",Ultraformer MPT,650,(60 minutos),,Ultraformer MPT,60,Ultraformer MPT
Clínica Dra. Elisa de Carvalho Prieto Saude & Estetica,"Rua Esmeralda, 47, Aclimação",Ultraformer MPT,2,(60 minutos),,Ultraformer MPT,60,Ultraformer MPT
Nova Imagem,"Rua Esmeralda, 47, Aclimação",Ultraformer MPT - BOLSA OCULAR,790,(20 minutos),,Ultraformer MPT,20,Ultraformer MPT - BOLSA OCULAR
Nova Imagem,"Rua Esmeralda, 47, Aclimação",Ultraformer MPT- ABDOMEN INFERIOR***FLACIDEZ ou QUEIMA de GORDURA,4.29,(120 minutos),,Ultraformer MPT,120,Ultraformer MPT- ABDOMEN INFERIOR***FLACIDEZ ou QUEIMA de GORDURA
Nova Imagem,"Rua Esmeralda, 47, Aclimação",Ultraformer MPT- ABDOMEN SUPERIOR***FLACIDEZ ou QUEIMA de GORDURA,4.29,(60 minutos),,Ultraformer MPT,60,Ultraformer MPT- ABDOMEN SUPERIOR***FLACIDEZ ou QUEIMA de GORDURA
Nova Imagem,"Rua Esmeralda, 47, Aclimação",Ultraformer MPT- BICHECTOMIA,1.35,(40 minutos),,Ultraformer MPT,40,Ultraformer MPT- BICHECTOMIA
Nova Imagem,"Rua Esmeralda, 47, Aclimação",ULTRAFORMER MPT - TERÇO MÉDIO,2.772,(60 minutos),,Ultraformer MPT,60,ULTRAFORMER MPT - TERÇO MÉDIO
Nova Imagem,"Rua Esmeralda, 47, Aclimação",ULTRAFORMER MPT - ABDOME,3.588,(60 minutos),,Ultraformer MPT,60,ULTRAFORMER MPT - ABDOME
Nova Imagem,"Rua Esmeralda, 47, Aclimação",ULTRAFORMER MPT - CULOTE / BANANINHA,2.277,(60 minutos),,Ultraformer MPT,60,ULTRAFORMER MPT - CULOTE / BANANINHA
Nova Imagem,"Rua Esmeralda, 47, Aclimação",ULTRAFORMER MPT - FOX EYES,1.648,(60 minutos),,Ultraformer MPT,60,ULTRAFORMER MPT - FOX EYES
Nova Imagem,"Rua Esmeralda, 47, Aclimação",ULTRAFORMER MPT - INT COXA,2.92,(60 minutos),,Ultraformer MPT,60,ULTRAFORMER MPT - INT COXA
Nova Imagem,"Rua Esmeralda, 47, Aclimação",Ultraformer MPT,650,(60 minutos),,Ultraformer MPT,60,Ultraformer MPT
Nova Imagem,"Rua Esmeralda, 47, Aclimação",Ultraformer MPT,2,(60 minutos),,Ultraformer MPT,60,Ultraformer MPT
Espaço Pollyanna Ferreira - Saúde e Estética Avançada,"Rua Esmeralda, 47, Aclimação",Ultraformer MPT - BOLSA OCULAR,790,(20 minutos),,Ultraformer MPT,20,Ultraformer MPT - BOLSA OCULAR
Espaço Pollyanna Ferreira - Saúde e Estética Avançada,"Rua Esmeralda, 47, Aclimação",Ultraformer MPT- ABDOMEN INFERIOR***FLACIDEZ ou QUEIMA de GORDURA,4.29,(120 minutos),,Ultraformer MPT,120,Ultraformer MPT- ABDOMEN INFERIOR***FLACIDEZ ou QUEIMA de GORDURA
Espaço Pollyanna Ferreira - Saúde e Estética Avançada,"Rua Esmeralda, 47, Aclimação",Ultraformer MPT- ABDOMEN SUPERIOR***FLACIDEZ ou QUEIMA de GORDURA,4.29,(60 minutos),,Ultraformer MPT,60,Ultraformer MPT- ABDOMEN SUPERIOR***FLACIDEZ ou QUEIMA de GORDURA
Espaço Pollyanna Ferreira - Saúde e Estética Avançada,"Rua Esmeralda, 47, Aclimação",Ultraformer MPT- BICHECTOMIA,1.35,(40 minutos),,Ultraformer MPT,40,Ultraformer MPT- BICHECTOMIA
Espaço Pollyanna Ferreira - Saúde e Estética Avançada,"Rua Esmeralda, 47, Aclimação",ULTRAFORMER MPT - TERÇO MÉDIO,2.772,(60 minutos),,Ultraformer MPT,60,ULTRAFORMER MPT - TERÇO MÉDIO
Espaço Pollyanna Ferreira - Saúde e Estética Avançada,"Rua Esmeralda, 47, Aclimação",ULTRAFORMER MPT - ABDOME,3.588,(60 minutos),,Ultraformer MPT,60,ULTRAFORMER MPT - ABDOME
Espaço Pollyanna Ferreira - Saúde e Estética Avançada,"Rua Esmeralda, 47, Aclimação",ULTRAFORMER MPT - CULOTE / BANANINHA,2.277,(60 minutos),,Ultraformer MPT,60,ULTRAFORMER MPT - CULOTE / BANANINHA
Espaço Pollyanna Ferreira - Saúde e Estética Avançada,"Rua Esmeralda, 47, Aclimação",ULTRAFORMER MPT - FOX EYES,1.648,(60 minutos),,Ultraformer MPT,60,ULTRAFORMER MPT - FOX EYES
Espaço Pollyanna Ferreira - Saúde e Estética Avançada,"Rua Esmeralda, 47, Aclimação",ULTRAFORMER MPT - INT COXA,2.92,(60 minutos),,Ultraformer MPT,60,ULTRAFORMER MPT - INT COXA
Espaço Pollyanna Ferreira - Saúde e Estética Avançada,"Rua Esmeralda, 47, Aclimação",Ultraformer MPT,650,(60 minutos),,Ultraformer MPT,60,Ultraformer MPT
Espaço Pollyanna Ferreira - Saúde e Estética Avançada,"Rua Esmeralda, 47, Aclimação",Ultraformer MPT,2,(60 minutos),,Ultraformer MPT,60,Ultraformer MPT
Clinica Palacio,"Rua Esmeralda, 47, Aclimação",Ultraformer MPT - BOLSA OCULAR,790,(20 minutos),,Ultraformer MPT,20,Ultraformer MPT - BOLSA OCULAR
Clinica Palacio,"Rua Esmeralda, 47, Aclimação",Ultraformer MPT- ABDOMEN INFERIOR***FLACIDEZ ou QUEIMA de GORDURA,4.29,(120 minutos),,Ultraformer MPT,120,Ultraformer MPT- ABDOMEN INFERIOR***FLACIDEZ ou QUEIMA de GORDURA
Clinica Palacio,"Rua Esmeralda, 47, Aclimação",Ultraformer MPT- ABDOMEN SUPERIOR***FLACIDEZ ou QUEIMA de GORDURA,4.29,(60 minutos),,Ultraformer MPT,60,Ultraformer MPT- ABDOMEN SUPERIOR***FLACIDEZ ou QUEIMA de GORDURA
Clinica Palacio,"Rua Esmeralda, 47, Aclimação",Ultraformer MPT- BICHECTOMIA,1.35,(40 minutos),,Ultraformer MPT,40,Ultraformer MPT- BICHECTOMIA
Clinica Palacio,"Rua Esmeralda, 47, Aclimação",ULTRAFORMER MPT - TERÇO MÉDIO,2.772,(60 minutos),,Ultraformer MPT,60,ULTRAFORMER MPT - TERÇO MÉDIO
Clinica Palacio,"Rua Esmeralda, 47, Aclimação",ULTRAFORMER MPT - ABDOME,3.588,(60 minutos),,Ultraformer MPT,60,ULTRAFORMER MPT - ABDOME
Clinica Palacio,"Rua Esmeralda, 47, Aclimação",ULTRAFORMER MPT - CULOTE / BANANINHA,2.277,(60 minutos),,Ultraformer MPT,60,ULTRAFORMER MPT - CULOTE / BANANINHA
Clinica Palacio,"Rua Esmeralda, 47, Aclimação",ULTRAFORMER MPT - FOX EYES,1.648,(60 minutos),,Ultraformer MPT,60,ULTRAFORMER MPT - FOX EYES
Clinica Palacio,"Rua Esmeralda, 47, Aclimação",ULTRAFORMER MPT - INT COXA,2.92,(60 minutos),,Ultraformer MPT,60,ULTRAFORMER MPT - INT COXA
Clinica Palacio,"Rua Esmeralda, 47, Aclimação",Ultraformer MPT,650,(60 minutos),,Ultraformer MPT,60,Ultraformer MPT
Clinica Palacio,"Rua Esmeralda, 47, Aclimação",Ultraformer MPT,2,(60 minutos),,Ultraformer MPT,60,Ultraformer MPT
Franquia Posê Bueno,"Rua Esmeralda, 47, Aclimação",Ultraformer MPT - BOLSA OCULAR,790,(20 minutos),,Ultraformer MPT,20,Ultraformer MPT - BOLSA OCULAR
Franquia Posê Bueno,"Rua Esmeralda, 47, Aclimação",Ultraformer MPT- ABDOMEN INFERIOR***FLACIDEZ ou QUEIMA de GORDURA,4.29,(120 minutos),,Ultraformer MPT,120,Ultraformer MPT- ABDOMEN INFERIOR***FLACIDEZ ou QUEIMA de GORDURA
Franquia Posê Bueno,"Rua Esmeralda, 47, Aclimação",Ultraformer MPT- ABDOMEN SUPERIOR***FLACIDEZ ou QUEIMA de GORDURA,4.29,(60 minutos),,Ultraformer MPT,60,Ultraformer MPT- ABDOMEN SUPERIOR***FLACIDEZ ou QUEIMA de GORDURA
Franquia Posê Bueno,"Rua Esmeralda, 47, Aclimação",Ultraformer MPT- BICHECTOMIA,1.35,(40 minutos),,Ultraformer MPT,40,Ultraformer MPT- BICHECTOMIA
Franquia Posê Bueno,"Rua Esmeralda, 47, Aclimação",ULTRAFORMER MPT - TERÇO MÉDIO,2.772,(60 minutos),,Ultraformer MPT,60,ULTRAFORMER MPT - TERÇO MÉDIO
Franquia Posê Bueno,"Rua Esmeralda, 47, Aclimação",ULTRAFORMER MPT - ABDOME,3.588,(60 minutos),,Ultraformer MPT,60,ULTRAFORMER MPT - ABDOME
Franquia Posê Bueno,"Rua Esmeralda, 47, Aclimação",ULTRAFORMER MPT - CULOTE / BANANINHA,2.277,(60 minutos),,Ultraformer MPT,60,ULTRAFORMER MPT - CULOTE / BANANINHA
Franquia Posê Bueno,"Rua Esmeralda, 47, Aclimação",ULTRAFORMER MPT - FOX EYES,1.648,(60 minutos),,Ultraformer MPT,60,ULTRAFORMER MPT - FOX EYES
Franquia Posê Bueno,"Rua Esmeralda, 47, Aclimação",ULTRAFORMER MPT - INT COXA,2.92,(60 minutos),,Ultraformer MPT,60,ULTRAFORMER MPT - INT COXA
Franquia Posê Bueno,"Rua Esmeralda, 47, Aclimação",Ultraformer MPT,650,(60 minutos),,Ultraformer MPT,60,Ultraformer MPT
Franquia Posê Bueno,"Rua Esmeralda, 47, Aclimação",Ultraformer MPT,2,(60 minutos),,Ultraformer MPT,60,Ultraformer MPT
Franquia Posê Araguaia Shopping,"Rua Esmeralda, 47, Aclimação",Ultraformer MPT - BOLSA OCULAR,790,(20 minutos),,Ultraformer MPT,20,Ultraformer MPT - BOLSA OCULAR
Franquia Posê Araguaia Shopping,"Rua Esmeralda, 47, Aclimação",Ultraformer MPT- ABDOMEN INFERIOR***FLACIDEZ ou QUEIMA de GORDURA,4.29,(120 minutos),,Ultraformer MPT,120,Ultraformer MPT- ABDOMEN INFERIOR***FLACIDEZ ou QUEIMA de GORDURA
Franquia Posê Araguaia Shopping,"Rua Esmeralda, 47, Aclimação",Ultraformer MPT- ABDOMEN SUPERIOR***FLACIDEZ ou QUEIMA de GORDURA,4.29,(60 minutos),,Ultraformer MPT,60,Ultraformer MPT- ABDOMEN SUPERIOR***FLACIDEZ ou QUEIMA de GORDURA
Franquia Posê Araguaia Shopping,"Rua Esmeralda, 47, Aclimação",Ultraformer MPT- BICHECTOMIA,1.35,(40 minutos),,Ultraformer MPT,40,Ultraformer MPT- BICHECTOMIA
Franquia Posê Araguaia Shopping,"Rua Esmeralda, 47, Aclimação",ULTRAFORMER MPT - TERÇO MÉDIO,2.772,(60 minutos),,Ultraformer MPT,60,ULTRAFORMER MPT - TERÇO MÉDIO
Franquia Posê Araguaia Shopping,"Rua Esmeralda, 47, Aclimação",ULTRAFORMER MPT - ABDOME,3.588,(60 minutos),,Ultraformer MPT,60,ULTRAFORMER MPT - ABDOME
Franquia Posê Araguaia Shopping,"Rua Esmeralda, 47, Aclimação",ULTRAFORMER MPT - CULOTE / BANANINHA,2.277,(60 minutos),,Ultraformer MPT,60,ULTRAFORMER MPT - CULOTE / BANANINHA
Franquia Posê Araguaia Shopping,"Rua Esmeralda, 47, Aclimação",ULTRAFORMER MPT - FOX EYES,1.648,(60 minutos),,Ultraformer MPT,60,ULTRAFORMER MPT - FOX EYES
Franquia Posê Araguaia Shopping,"Rua Esmeralda, 47, Aclimação",ULTRAFORMER MPT - INT COXA,2.92,(60 minutos),,Ultraformer MPT,60,ULTRAFORMER MPT - INT COXA
Franquia Posê Araguaia Shopping,"Rua Esmeralda, 47, Aclimação",Ultraformer MPT,650,(60 minutos),,Ultraformer MPT,60,Ultraformer MPT
Franquia Posê Araguaia Shopping,"Rua Esmeralda, 47, Aclimação",Ultraformer MPT,2,(60 minutos),,Ultraformer MPT,60,Ultraformer MPT
Centro Estetico Adrielly Freitas,"Rua Esmeralda, 47, Aclimação",Ultraformer MPT - BOLSA OCULAR,790,(20 minutos),,Ultraformer MPT,20,Ultraformer MPT - BOLSA OCULAR
Centro Estetico Adrielly Freitas,"Rua Esmeralda, 47, Aclimação",Ultraformer MPT- ABDOMEN INFERIOR***FLACIDEZ ou QUEIMA de GORDURA,4.29,(120 minutos),,Ultraformer MPT,120,Ultraformer MPT- ABDOMEN INFERIOR***FLACIDEZ ou QUEIMA de GORDURA
Centro Estetico Adrielly Freitas,"Rua Esmeralda, 47, Aclimação",Ultraformer MPT- ABDOMEN SUPERIOR***FLACIDEZ ou QUEIMA de GORDURA,4.29,(60 minutos),,Ultraformer MPT,60,Ultraformer MPT- ABDOMEN SUPERIOR***FLACIDEZ ou QUEIMA de GORDURA
Centro Estetico Adrielly Freitas,"Rua Esmeralda, 47, Aclimação",Ultraformer MPT- BICHECTOMIA,1.35,(40 minutos),,Ultraformer MPT,40,Ultraformer MPT- BICHECTOMIA
Centro Estetico Adrielly Freitas,"Rua Esmeralda, 47, Aclimação",ULTRAFORMER MPT - TERÇO MÉDIO,2.772,(60 minutos),,Ultraformer MPT,60,ULTRAFORMER MPT - TERÇO MÉDIO
Centro Estetico Adrielly Freitas,"Rua Esmeralda, 47, Aclimação",ULTRAFORMER MPT - ABDOME,3.588,(60 minutos),,Ultraformer MPT,60,ULTRAFORMER MPT - ABDOME
Centro Estetico Adrielly Freitas,"Rua Esmeralda, 47, Aclimação",ULTRAFORMER MPT - CULOTE / BANANINHA,2.277,(60 minutos),,Ultraformer MPT,60,ULTRAFORMER MPT - CULOTE / BANANINHA
Centro Estetico Adrielly Freitas,"Rua Esmeralda, 47, Aclimação",ULTRAFORMER MPT - FOX EYES,1.648,(60 minutos),,Ultraformer MPT,60,ULTRAFORMER MPT - FOX EYES
Centro Estetico Adrielly Freitas,"Rua Esmeralda, 47, Aclimação",ULTRAFORMER MPT - INT COXA,2.92,(60 minutos),,Ultraformer MPT,60,ULTRAFORMER MPT - INT COXA
Centro Estetico Adrielly Freitas,"Rua Esmeralda, 47, Aclimação",Ultraformer MPT,650,(60 minutos),,Ultraformer MPT,60,Ultraformer MPT
Centro Estetico Adrielly Freitas,"Rua Esmeralda, 47, Aclimação",Ultraformer MPT,2,(60 minutos),,Ultraformer MPT,60,Ultraformer MPT
Cris Santos Emagrecimento e Estetica,"Rua Esmeralda, 47, Aclimação",Ultraformer MPT - BOLSA OCULAR,790,(20 minutos),,Ultraformer MPT,20,Ultraformer MPT - BOLSA OCULAR
Cris Santos Emagrecimento e Estetica,"Rua Esmeralda, 47, Aclimação",Ultraformer MPT- ABDOMEN INFERIOR***FLACIDEZ ou QUEIMA de GORDURA,4.29,(120 minutos),,Ultraformer MPT,120,Ultraformer MPT- ABDOMEN INFERIOR***FLACIDEZ ou QUEIMA de GORDURA
Cris Santos Emagrecimento e Estetica,"Rua Esmeralda, 47, Aclimação",Ultraformer MPT- ABDOMEN SUPERIOR***FLACIDEZ ou QUEIMA de GORDURA,4.29,(60 minutos),,Ultraformer MPT,60,Ultraformer MPT- ABDOMEN SUPERIOR***FLACIDEZ ou QUEIMA de GORDURA
Cris Santos Emagrecimento e Estetica,"Rua Esmeralda, 47, Aclimação",Ultraformer MPT- BICHECTOMIA,1.35,(40 minutos),,Ultraformer MPT,40,Ultraformer MPT- BICHECTOMIA
Cris Santos Emagrecimento e Estetica,"Rua Esmeralda, 47, Aclimação",ULTRAFORMER MPT - TERÇO MÉDIO,2.772,(60 minutos),,Ultraformer MPT,60,ULTRAFORMER MPT - TERÇO MÉDIO
Cris Santos Emagrecimento e Estetica,"Rua Esmeralda, 47, Aclimação",ULTRAFORMER MPT - ABDOME,3.588,(60 minutos),,Ultraformer MPT,60,ULTRAFORMER MPT - ABDOME
Cris Santos Emagrecimento e Estetica,"Rua Esmeralda, 47, Aclimação",ULTRAFORMER MPT - CULOTE / BANANINHA,2.277,(60 minutos),,Ultraformer MPT,60,ULTRAFORMER MPT - CULOTE / BANANINHA
Cris Santos Emagrecimento e Estetica,"Rua Esmeralda, 47, Aclimação",ULTRAFORMER MPT - FOX EYES,1.648,(60 minutos),,Ultraformer MPT,60,ULTRAFORMER MPT - FOX EYES
Cris Santos Emagrecimento e Estetica,"Rua Esmeralda, 47, Aclimação",ULTRAFORMER MPT - INT COXA,2.92,(60 minutos),,Ultraformer MPT,60,ULTRAFORMER MPT - INT COXA
Cris Santos Emagrecimento e Estetica,"Rua Esmeralda, 47, Aclimação",Ultraformer MPT,650,(60 minutos),,Ultraformer MPT,60,Ultraformer MPT
Cris Santos Emagrecimento e Estetica,"Rua Esmeralda, 47, Aclimação",Ultraformer MPT,2,(60 minutos),,Ultraformer MPT,60,Ultraformer MPT
Buffon Bioestética,"Rua Esmeralda, 47, Aclimação",Ultraformer MPT - BOLSA OCULAR,790,(20 minutos),,Ultraformer MPT,20,Ultraformer MPT - BOLSA OCULAR
Buffon Bioestética,"Rua Esmeralda, 47, Aclimação",Ultraformer MPT- ABDOMEN INFERIOR***FLACIDEZ ou QUEIMA de GORDURA,4.29,(120 minutos),,Ultraformer MPT,120,Ultraformer MPT- ABDOMEN INFERIOR***FLACIDEZ ou QUEIMA de GORDURA
Buffon Bioestética,"Rua Esmeralda, 47, Aclimação",Ultraformer MPT- ABDOMEN SUPERIOR***FLACIDEZ ou QUEIMA de GORDURA,4.29,(60 minutos),,Ultraformer MPT,60,Ultraformer MPT- ABDOMEN SUPERIOR***FLACIDEZ ou QUEIMA de GORDURA
Buffon Bioestética,"Rua Esmeralda, 47, Aclimação",Ultraformer MPT- BICHECTOMIA,1.35,(40 minutos),,Ultraformer MPT,40,Ultraformer MPT- BICHECTOMIA
Buffon Bioestética,"Rua Esmeralda, 47, Aclimação",ULTRAFORMER MPT - TERÇO MÉDIO,2.772,(60 minutos),,Ultraformer MPT,60,ULTRAFORMER MPT - TERÇO MÉDIO
Buffon Bioestética,"Rua Esmeralda, 47, Aclimação",ULTRAFORMER MPT - ABDOME,3.588,(60 minutos),,Ultraformer MPT,60,ULTRAFORMER MPT - ABDOME
Buffon Bioestética,"Rua Esmeralda, 47, Aclimação",ULTRAFORMER MPT - CULOTE / BANANINHA,2.277,(60 minutos),,Ultraformer MPT,60,ULTRAFORMER MPT - CULOTE / BANANINHA
Buffon Bioestética,"Rua Esmeralda, 47, Aclimação",ULTRAFORMER MPT - FOX EYES,1.648,(60 minutos),,Ultraformer MPT,60,ULTRAFORMER MPT - FOX EYES
Buffon Bioestética,"Rua Esmeralda, 47, Aclimação",ULTRAFORMER MPT - INT COXA,2.92,(60 minutos),,Ultraformer MPT,60,ULTRAFORMER MPT - INT COXA
Buffon Bioestética,"Rua Esmeralda, 47, Aclimação",Ultraformer MPT,650,(60 minutos),,Ultraformer MPT,60,Ultraformer MPT
Buffon Bioestética,"Rua Esmeralda, 47, Aclimação",Ultraformer MPT,2,(60 minutos),,Ultraformer MPT,60,Ultraformer MPT
Clínica Mariana Bubanz,"Rua Esmeralda, 47, Aclimação",Ultraformer MPT - BOLSA OCULAR,790,(20 minutos),,Ultraformer MPT,20,Ultraformer MPT - BOLSA OCULAR
Clínica Mariana Bubanz,"Rua Esmeralda, 47, Aclimação",Ultraformer MPT- ABDOMEN INFERIOR***FLACIDEZ ou QUEIMA de GORDURA,4.29,(120 minutos),,Ultraformer MPT,120,Ultraformer MPT- ABDOMEN INFERIOR***FLACIDEZ ou QUEIMA de GORDURA
Clínica Mariana Bubanz,"Rua Esmeralda, 47, Aclimação",Ultraformer MPT- ABDOMEN SUPERIOR***FLACIDEZ ou QUEIMA de GORDURA,4.29,(60 minutos),,Ultraformer MPT,60,Ultraformer MPT- ABDOMEN SUPERIOR***FLACIDEZ ou QUEIMA de GORDURA
Clínica Mariana Bubanz,"Rua Esmeralda, 47, Aclimação",Ultraformer MPT- BICHECTOMIA,1.35,(40 minutos),,Ultraformer MPT,40,Ultraformer MPT- BICHECTOMIA
Clínica Mariana Bubanz,"Rua Esmeralda, 47, Aclimação",ULTRAFORMER MPT - TERÇO MÉDIO,2.772,(60 minutos),,Ultraformer MPT,60,ULTRAFORMER MPT - TERÇO MÉDIO
Clínica Mariana Bubanz,"Rua Esmeralda, 47, Aclimação",ULTRAFORMER MPT - ABDOME,3.588,(60 minutos),,Ultraformer MPT,60,ULTRAFORMER MPT - ABDOME
Clínica Mariana Bubanz,"Rua Esmeralda, 47, Aclimação",ULTRAFORMER MPT - CULOTE / BANANINHA,2.277,(60 minutos),,Ultraformer MPT,60,ULTRAFORMER MPT - CULOTE / BANANINHA
Clínica Mariana Bubanz,"Rua Esmeralda, 47, Aclimação",ULTRAFORMER MPT - FOX EYES,1.648,(60 minutos),,Ultraformer MPT,60,ULTRAFORMER MPT - FOX EYES
Clínica Mariana Bubanz,"Rua Esmeralda, 47, Aclimação",ULTRAFORMER MPT - INT COXA,2.92,(60 minutos),,Ultraformer MPT,60,ULTRAFORMER MPT - INT COXA
Clínica Mariana Bubanz,"Rua Esmeralda, 47, Aclimação",Ultraformer MPT,650,(60 minutos),,Ultraformer MPT,60,Ultraformer MPT
Clínica Mariana Bubanz,"Rua Esmeralda, 47, Aclimação",Ultraformer MPT,2,(60 minutos),,Ultraformer MPT,60,Ultraformer MPT
Serene Epilação & Estética Avançada,"Rua Esmeralda, 47, Aclimação",Ultraformer MPT - BOLSA OCULAR,790,(20 minutos),,Ultraformer MPT,20,Ultraformer MPT - BOLSA OCULAR
Serene Epilação & Estética Avançada,"Rua Esmeralda, 47, Aclimação",Ultraformer MPT- ABDOMEN INFERIOR***FLACIDEZ ou QUEIMA de GORDURA,4.29,(120 minutos),,Ultraformer MPT,120,Ultraformer MPT- ABDOMEN INFERIOR***FLACIDEZ ou QUEIMA de GORDURA
Serene Epilação & Estética Avançada,"Rua Esmeralda, 47, Aclimação",Ultraformer MPT- ABDOMEN SUPERIOR***FLACIDEZ ou QUEIMA de GORDURA,4.29,(60 minutos),,Ultraformer MPT,60,Ultraformer MPT- ABDOMEN SUPERIOR***FLACIDEZ ou QUEIMA de GORDURA
Serene Epilação & Estética Avançada,"Rua Esmeralda, 47, Aclimação",Ultraformer MPT- BICHECTOMIA,1.35,(40 minutos),,Ultraformer MPT,40,Ultraformer MPT- BICHECTOMIA
Serene Epilação & Estética Avançada,"Rua Esmeralda, 47, Aclimação",ULTRAFORMER MPT - TERÇO MÉDIO,2.772,(60 minutos),,Ultraformer MPT,60,ULTRAFORMER MPT - TERÇO MÉDIO
Serene Epilação & Estética Avançada,"Rua Esmeralda, 47, Aclimação",ULTRAFORMER MPT - ABDOME,3.588,(60 minutos),,Ultraformer MPT,60,ULTRAFORMER MPT - ABDOME
Serene Epilação & Estética Avançada,"Rua Esmeralda, 47, Aclimação",ULTRAFORMER MPT - CULOTE / BANANINHA,2.277,(60 minutos),,Ultraformer MPT,60,ULTRAFORMER MPT - CULOTE / BANANINHA
Serene Epilação & Estética Avançada,"Rua Esmeralda, 47, Aclimação",ULTRAFORMER MPT - FOX EYES,1.648,(60 minutos),,Ultraformer MPT,60,ULTRAFORMER MPT - FOX EYES
Serene Epilação & Estética Avançada,"Rua Esmeralda, 47, Aclimação",ULTRAFORMER MPT - INT COXA,2.92,(60 minutos),,Ultraformer MPT,60,ULTRAFORMER MPT - INT COXA
Serene Epilação & Estética Avançada,"Rua Esmeralda, 47, Aclimação",Ultraformer MPT,650,(60 minutos),,Ultraformer MPT,60,Ultraformer MPT
Serene Epilação & Estética Avançada,"Rua Esmeralda, 47, Aclimação",Ultraformer MPT,2,(60 minutos),,Ultraformer MPT,60,Ultraformer MPT
Lash Lov Beauty Center,"Rua Esmeralda, 47, Aclimação",Ultraformer MPT - BOLSA OCULAR,790,(20 minutos),,Ultraformer MPT,20,Ultraformer MPT - BOLSA OCULAR
Lash Lov Beauty Center,"Rua Esmeralda, 47, Aclimação",Ultraformer MPT- ABDOMEN INFERIOR***FLACIDEZ ou QUEIMA de GORDURA,4.29,(120 minutos),,Ultraformer MPT,120,Ultraformer MPT- ABDOMEN INFERIOR***FLACIDEZ ou QUEIMA de GORDURA
Lash Lov Beauty Center,"Rua Esmeralda, 47, Aclimação",Ultraformer MPT- ABDOMEN SUPERIOR***FLACIDEZ ou QUEIMA de GORDURA,4.29,(60 minutos),,Ultraformer MPT,60,Ultraformer MPT- ABDOMEN SUPERIOR***FLACIDEZ ou QUEIMA de GORDURA
Lash Lov Beauty Center,"Rua Esmeralda, 47, Aclimação",Ultraformer MPT- BICHECTOMIA,1.35,(40 minutos),,Ultraformer MPT,40,Ultraformer MPT- BICHECTOMIA
Lash Lov Beauty Center,"Rua Esmeralda, 47, Aclimação",ULTRAFORMER MPT - TERÇO MÉDIO,2.772,(60 minutos),,Ultraformer MPT,60,ULTRAFORMER MPT - TERÇO MÉDIO
Lash Lov Beauty Center,"Rua Esmeralda, 47, Aclimação",ULTRAFORMER MPT - ABDOME,3.588,(60 minutos),,Ultraformer MPT,60,ULTRAFORMER MPT - ABDOME
Lash Lov Beauty Center,"Rua Esmeralda, 47, Aclimação",ULTRAFORMER MPT - CULOTE / BANANINHA,2.277,(60 minutos),,Ultraformer MPT,60,ULTRAFORMER MPT - CULOTE / BANANINHA
Lash Lov Beauty Center,"Rua Esmeralda, 47, Aclimação",ULTRAFORMER MPT - FOX EYES,1.648,(60 minutos),,Ultraformer MPT,60,ULTRAFORMER MPT - FOX EYES
Lash Lov Beauty Center,"Rua Esmeralda, 47, Aclimação",ULTRAFORMER MPT - INT COXA,2.92,(60 minutos),,Ultraformer MPT,60,ULTRAFORMER MPT - INT COXA
Lash Lov Beauty Center,"Rua Esmeralda, 47, Aclimação",Ultraformer MPT,650,(60 minutos),,Ultraformer MPT,60,Ultraformer MPT
Lash Lov Beauty Center,"Rua Esmeralda, 47, Aclimação",Ultraformer MPT,2,(60 minutos),,Ultraformer MPT,60,Ultraformer MPT
B+ INSTITUT azul,"Rua Esmeralda, 47, Aclimação",Ultraformer MPT - BOLSA OCULAR,790,(20 minutos),,Ultraformer MPT,20,Ultraformer MPT - BOLSA OCULAR
B+ INSTITUT azul,"Rua Esmeralda, 47, Aclimação",Ultraformer MPT- ABDOMEN INFERIOR***FLACIDEZ ou QUEIMA de GORDURA,4.29,(120 minutos),,Ultraformer MPT,120,Ultraformer MPT- ABDOMEN INFERIOR***FLACIDEZ ou QUEIMA de GORDURA
B+ INSTITUT azul,"Rua Esmeralda, 47, Aclimação",Ultraformer MPT- ABDOMEN SUPERIOR***FLACIDEZ ou QUEIMA de GORDURA,4.29,(60 minutos),,Ultraformer MPT,60,Ultraformer MPT- ABDOMEN SUPERIOR***FLACIDEZ ou QUEIMA de GORDURA
B+ INSTITUT azul,"Rua Esmeralda, 47, Aclimação",Ultraformer MPT- BICHECTOMIA,1.35,(40 minutos),,Ultraformer MPT,40,Ultraformer MPT- BICHECTOMIA
B+ INSTITUT azul,"Rua Esmeralda, 47, Aclimação",ULTRAFORMER MPT - TERÇO MÉDIO,2.772,(60 minutos),,Ultraformer MPT,60,ULTRAFORMER MPT - TERÇO MÉDIO
B+ INSTITUT azul,"Rua Esmeralda, 47, Aclimação",ULTRAFORMER MPT - ABDOME,3.588,(60 minutos),,Ultraformer MPT,60,ULTRAFORMER MPT - ABDOME
B+ INSTITUT azul,"Rua Esmeralda, 47, Aclimação",ULTRAFORMER MPT - CULOTE / BANANINHA,2.277,(60 minutos),,Ultraformer MPT,60,ULTRAFORMER MPT - CULOTE / BANANINHA
B+ INSTITUT azul,"Rua Esmeralda, 47, Aclimação",ULTRAFORMER MPT - FOX EYES,1.648,(60 minutos),,Ultraformer MPT,60,ULTRAFORMER MPT - FOX EYES
B+ INSTITUT azul,"Rua Esmeralda, 47, Aclimação",ULTRAFORMER MPT - INT COXA,2.92,(60 minutos),,Ultraformer MPT,60,ULTRAFORMER MPT - INT COXA
B+ INSTITUT azul,"Rua Esmeralda, 47, Aclimação",Ultraformer MPT,650,(60 minutos),,Ultraformer MPT,60,Ultraformer MPT
B+ INSTITUT azul,"Rua Esmeralda, 47, Aclimação",Ultraformer MPT,2,(60 minutos),,Ultraformer MPT,60,Ultraformer MPT
Majô Lago Norte,"Rua Esmeralda, 47, Aclimação",Ultraformer MPT - BOLSA OCULAR,790,(20 minutos),,Ultraformer MPT,20,Ultraformer MPT - BOLSA OCULAR
Majô Lago Norte,"Rua Esmeralda, 47, Aclimação",Ultraformer MPT- ABDOMEN INFERIOR***FLACIDEZ ou QUEIMA de GORDURA,4.29,(120 minutos),,Ultraformer MPT,120,Ultraformer MPT- ABDOMEN INFERIOR***FLACIDEZ ou QUEIMA de GORDURA
Majô Lago Norte,"Rua Esmeralda, 47, Aclimação",Ultraformer MPT- ABDOMEN SUPERIOR***FLACIDEZ ou QUEIMA de GORDURA,4.29,(60 minutos),,Ultraformer MPT,60,Ultraformer MPT- ABDOMEN SUPERIOR***FLACIDEZ ou QUEIMA de GORDURA
Majô Lago Norte,"Rua Esmeralda, 47, Aclimação",Ultraformer MPT- BICHECTOMIA,1.35,(40 minutos),,Ultraformer MPT,40,Ultraformer MPT- BICHECTOMIA
Majô Lago Norte,"Rua Esmeralda, 47, Aclimação",ULTRAFORMER MPT - TERÇO MÉDIO,2.772,(60 minutos),,Ultraformer MPT,60,ULTRAFORMER MPT - TERÇO MÉDIO
Majô Lago Norte,"Rua Esmeralda, 47, Aclimação",ULTRAFORMER MPT - ABDOME,3.588,(60 minutos),,Ultraformer MPT,60,ULTRAFORMER MPT - ABDOME
Majô Lago Norte,"Rua Esmeralda, 47, Aclimação",ULTRAFORMER MPT - CULOTE / BANANINHA,2.277,(60 minutos),,Ultraformer MPT,60,ULTRAFORMER MPT - CULOTE / BANANINHA
Majô Lago Norte,"Rua Esmeralda, 47, Aclimação",ULTRAFORMER MPT - FOX EYES,1.648,(60 minutos),,Ultraformer MPT,60,ULTRAFORMER MPT - FOX EYES
Majô Lago Norte,"Rua Esmeralda, 47, Aclimação",ULTRAFORMER MPT - INT COXA,2.92,(60 minutos),,Ultraformer MPT,60,ULTRAFORMER MPT - INT COXA
Majô Lago Norte,"Rua Esmeralda, 47, Aclimação",Ultraformer MPT,650,(60 minutos),,Ultraformer MPT,60,Ultraformer MPT
Majô Lago Norte,"Rua Esmeralda, 47, Aclimação",Ultraformer MPT,2,(60 minutos),,Ultraformer MPT,60,Ultraformer MPT
MORENA MULHER SANTA FÉ,"Rua Esmeralda, 47, Aclimação",Ultraformer MPT - BOLSA OCULAR,790,(20 minutos),,Ultraformer MPT,20,Ultraformer MPT - BOLSA OCULAR
MORENA MULHER SANTA FÉ,"Rua Esmeralda, 47, Aclimação",Ultraformer MPT- ABDOMEN INFERIOR***FLACIDEZ ou QUEIMA de GORDURA,4.29,(120 minutos),,Ultraformer MPT,120,Ultraformer MPT- ABDOMEN INFERIOR***FLACIDEZ ou QUEIMA de GORDURA
MORENA MULHER SANTA FÉ,"Rua Esmeralda, 47, Aclimação",Ultraformer MPT- ABDOMEN SUPERIOR***FLACIDEZ ou QUEIMA de GORDURA,4.29,(60 minutos),,Ultraformer MPT,60,Ultraformer MPT- ABDOMEN SUPERIOR***FLACIDEZ ou QUEIMA de GORDURA
MORENA MULHER SANTA FÉ,"Rua Esmeralda, 47, Aclimação",Ultraformer MPT- BICHECTOMIA,1.35,(40 minutos),,Ultraformer MPT,40,Ultraformer MPT- BICHECTOMIA
MORENA MULHER SANTA FÉ,"Rua Esmeralda, 47, Aclimação",ULTRAFORMER MPT - TERÇO MÉDIO,2.772,(60 minutos),,Ultraformer MPT,60,ULTRAFORMER MPT - TERÇO MÉDIO
MORENA MULHER SANTA FÉ,"Rua Esmeralda, 47, Aclimação",ULTRAFORMER MPT - ABDOME,3.588,(60 minutos),,Ultraformer MPT,60,ULTRAFORMER MPT - ABDOME
MORENA MULHER SANTA FÉ,"Rua Esmeralda, 47, Aclimação",ULTRAFORMER MPT - CULOTE / BANANINHA,2.277,(60 minutos),,Ultraformer MPT,60,ULTRAFORMER MPT - CULOTE / BANANINHA
MORENA MULHER SANTA FÉ,"Rua Esmeralda, 47, Aclimação",ULTRAFORMER MPT - FOX EYES,1.648,(60 minutos),,Ultraformer MPT,60,ULTRAFORMER MPT - FOX EYES
MORENA MULHER SANTA FÉ,"Rua Esmeralda, 47, Aclimação",ULTRAFORMER MPT - INT COXA,2.92,(60 minutos),,Ultraformer MPT,60,ULTRAFORMER MPT - INT COXA
MORENA MULHER SANTA FÉ,"Rua Esmeralda, 47, Aclimação",Ultraformer MPT,650,(60 minutos),,Ultraformer MPT,60,Ultraformer MPT
MORENA MULHER SANTA FÉ,"Rua Esmeralda, 47, Aclimação",Ultraformer MPT,2,(60 minutos),,Ultraformer MPT,60,Ultraformer MPT
MORENA MULHER NORTE SUL,"Rua Esmeralda, 47, Aclimação",Ultraformer MPT - BOLSA OCULAR,790,(20 minutos),,Ultraformer MPT,20,Ultraformer MPT - BOLSA OCULAR
MORENA MULHER NORTE SUL,"Rua Esmeralda, 47, Aclimação",Ultraformer MPT- ABDOMEN INFERIOR***FLACIDEZ ou QUEIMA de GORDURA,4.29,(120 minutos),,Ultraformer MPT,120,Ultraformer MPT- ABDOMEN INFERIOR***FLACIDEZ ou QUEIMA de GORDURA
MORENA MULHER NORTE SUL,"Rua Esmeralda, 47, Aclimação",Ultraformer MPT- ABDOMEN SUPERIOR***FLACIDEZ ou QUEIMA de GORDURA,4.29,(60 minutos),,Ultraformer MPT,60,Ultraformer MPT- ABDOMEN SUPERIOR***FLACIDEZ ou QUEIMA de GORDURA
MORENA MULHER NORTE SUL,"Rua Esmeralda, 47, Aclimação",Ultraformer MPT- BICHECTOMIA,1.35,(40 minutos),,Ultraformer MPT,40,Ultraformer MPT- BICHECTOMIA
MORENA MULHER NORTE SUL,"Rua Esmeralda, 47, Aclimação",ULTRAFORMER MPT - TERÇO MÉDIO,2.772,(60 minutos),,Ultraformer MPT,60,ULTRAFORMER MPT - TERÇO MÉDIO
MORENA MULHER NORTE SUL,"Rua Esmeralda, 47, Aclimação",ULTRAFORMER MPT - ABDOME,3.588,(60 minutos),,Ultraformer MPT,60,ULTRAFORMER MPT - ABDOME
MORENA MULHER NORTE SUL,"Rua Esmeralda, 47, Aclimação",ULTRAFORMER MPT - CULOTE / BANANINHA,2.277,(60 minutos),,Ultraformer MPT,60,ULTRAFORMER MPT - CULOTE / BANANINHA
MORENA MULHER NORTE SUL,"Rua Esmeralda, 47, Aclimação",ULTRAFORMER MPT - FOX EYES,1.648,(60 minutos),,Ultraformer MPT,60,ULTRAFORMER MPT - FOX EYES
MORENA MULHER NORTE SUL,"Rua Esmeralda, 47, Aclimação",ULTRAFORMER MPT - INT COXA,2.92,(60 minutos),,Ultraformer MPT,60,ULTRAFORMER MPT - INT COXA
MORENA MULHER NORTE SUL,"Rua Esmeralda, 47, Aclimação",Ultraformer MPT,650,(60 minutos),,Ultraformer MPT,60,Ultraformer MPT
MORENA MULHER NORTE SUL,"Rua Esmeralda, 47, Aclimação",Ultraformer MPT,2,(60 minutos),,Ultraformer MPT,60,Ultraformer MPT
Nathane Chaves Estética Avançada,"Rua Esmeralda, 47, Aclimação",Ultraformer MPT - BOLSA OCULAR,790,(20 minutos),,Ultraformer MPT,20,Ultraformer MPT - BOLSA OCULAR
Nathane Chaves Estética Avançada,"Rua Esmeralda, 47, Aclimação",Ultraformer MPT- ABDOMEN INFERIOR***FLACIDEZ ou QUEIMA de GORDURA,4.29,(120 minutos),,Ultraformer MPT,120,Ultraformer MPT- ABDOMEN INFERIOR***FLACIDEZ ou QUEIMA de GORDURA
Nathane Chaves Estética Avançada,"Rua Esmeralda, 47, Aclimação",Ultraformer MPT- ABDOMEN SUPERIOR***FLACIDEZ ou QUEIMA de GORDURA,4.29,(60 minutos),,Ultraformer MPT,60,Ultraformer MPT- ABDOMEN SUPERIOR***FLACIDEZ ou QUEIMA de GORDURA
Nathane Chaves Estética Avançada,"Rua Esmeralda, 47, Aclimação",Ultraformer MPT- BICHECTOMIA,1.35,(40 minutos),,Ultraformer MPT,40,Ultraformer MPT- BICHECTOMIA
Nathane Chaves Estética Avançada,"Rua Esmeralda, 47, Aclimação",ULTRAFORMER MPT - TERÇO MÉDIO,2.772,(60 minutos),,Ultraformer MPT,60,ULTRAFORMER MPT - TERÇO MÉDIO
Nathane Chaves Estética Avançada,"Rua Esmeralda, 47, Aclimação",ULTRAFORMER MPT - ABDOME,3.588,(60 minutos),,Ultraformer MPT,60,ULTRAFORMER MPT - ABDOME
Nathane Chaves Estética Avançada,"Rua Esmeralda, 47, Aclimação",ULTRAFORMER MPT - CULOTE / BANANINHA,2.277,(60 minutos),,Ultraformer MPT,60,ULTRAFORMER MPT - CULOTE / BANANINHA
Nathane Chaves Estética Avançada,"Rua Esmeralda, 47, Aclimação",ULTRAFORMER MPT - FOX EYES,1.648,(60 minutos),,Ultraformer MPT,60,ULTRAFORMER MPT - FOX EYES
Nathane Chaves Estética Avançada,"Rua Esmeralda, 47, Aclimação",ULTRAFORMER MPT - INT COXA,2.92,(60 minutos),,Ultraformer MPT,60,ULTRAFORMER MPT - INT COXA
Nathane Chaves Estética Avançada,"Rua Esmeralda, 47, Aclimação",Ultraformer MPT,650,(60 minutos),,Ultraformer MPT,60,Ultraformer MPT
Nathane Chaves Estética Avançada,"Rua Esmeralda, 47, Aclimação",Ultraformer MPT,2,(60 minutos),,Ultraformer MPT,60,Ultraformer MPT
Juliane Alves Micropigmentação,"Rua Esmeralda, 47, Aclimação",Ultraformer MPT - BOLSA OCULAR,790,(20 minutos),,Ultraformer MPT,20,Ultraformer MPT - BOLSA OCULAR
Juliane Alves Micropigmentação,"Rua Esmeralda, 47, Aclimação",Ultraformer MPT- ABDOMEN INFERIOR***FLACIDEZ ou QUEIMA de GORDURA,4.29,(120 minutos),,Ultraformer MPT,120,Ultraformer MPT- ABDOMEN INFERIOR***FLACIDEZ ou QUEIMA de GORDURA
Juliane Alves Micropigmentação,"Rua Esmeralda, 47, Aclimação",Ultraformer MPT- ABDOMEN SUPERIOR***FLACIDEZ ou QUEIMA de GORDURA,4.29,(60 minutos),,Ultraformer MPT,60,Ultraformer MPT- ABDOMEN SUPERIOR***FLACIDEZ ou QUEIMA de GORDURA
Juliane Alves Micropigmentação,"Rua Esmeralda, 47, Aclimação",Ultraformer MPT- BICHECTOMIA,1.35,(40 minutos),,Ultraformer MPT,40,Ultraformer MPT- BICHECTOMIA
Juliane Alves Micropigmentação,"Rua Esmeralda, 47, Aclimação",ULTRAFORMER MPT - TERÇO MÉDIO,2.772,(60 minutos),,Ultraformer MPT,60,ULTRAFORMER MPT - TERÇO MÉDIO
Juliane Alves Micropigmentação,"Rua Esmeralda, 47, Aclimação",ULTRAFORMER MPT - ABDOME,3.588,(60 minutos),,Ultraformer MPT,60,ULTRAFORMER MPT - ABDOME
Juliane Alves Micropigmentação,"Rua Esmeralda, 47, Aclimação",ULTRAFORMER MPT - CULOTE / BANANINHA,2.277,(60 minutos),,Ultraformer MPT,60,ULTRAFORMER MPT - CULOTE / BANANINHA
Juliane Alves Micropigmentação,"Rua Esmeralda, 47, Aclimação",ULTRAFORMER MPT - FOX EYES,1.648,(60 minutos),,Ultraformer MPT,60,ULTRAFORMER MPT - FOX EYES
Juliane Alves Micropigmentação,"Rua Esmeralda, 47, Aclimação",ULTRAFORMER MPT - INT COXA,2.92,(60 minutos),,Ultraformer MPT,60,ULTRAFORMER MPT - INT COXA
Juliane Alves Micropigmentação,"Rua Esmeralda, 47, Aclimação",Ultraformer MPT,650,(60 minutos),,Ultraformer MPT,60,Ultraformer MPT
Juliane Alves Micropigmentação,"Rua Esmeralda, 47, Aclimação",Ultraformer MPT,2,(60 minutos),,Ultraformer MPT,60,Ultraformer MPT
Depyl House Fotodepilação e Estética,"Rua Esmeralda, 47, Aclimação",Ultraformer MPT - BOLSA OCULAR,790,(20 minutos),,Ultraformer MPT,20,Ultraformer MPT - BOLSA OCULAR
Depyl House Fotodepilação e Estética,"Rua Esmeralda, 47, Aclimação",Ultraformer MPT- ABDOMEN INFERIOR***FLACIDEZ ou QUEIMA de GORDURA,4.29,(120 minutos),,Ultraformer MPT,120,Ultraformer MPT- ABDOMEN INFERIOR***FLACIDEZ ou QUEIMA de GORDURA
Depyl House Fotodepilação e Estética,"Rua Esmeralda, 47, Aclimação",Ultraformer MPT- ABDOMEN SUPERIOR***FLACIDEZ ou QUEIMA de GORDURA,4.29,(60 minutos),,Ultraformer MPT,60,Ultraformer MPT- ABDOMEN SUPERIOR***FLACIDEZ ou QUEIMA de GORDURA
Depyl House Fotodepilação e Estética,"Rua Esmeralda, 47, Aclimação",Ultraformer MPT- BICHECTOMIA,1.35,(40 minutos),,Ultraformer MPT,40,Ultraformer MPT- BICHECTOMIA
Depyl House Fotodepilação e Estética,"Rua Esmeralda, 47, Aclimação",ULTRAFORMER MPT - TERÇO MÉDIO,2.772,(60 minutos),,Ultraformer MPT,60,ULTRAFORMER MPT - TERÇO MÉDIO
Depyl House Fotodepilação e Estética,"Rua Esmeralda, 47, Aclimação",ULTRAFORMER MPT - ABDOME,3.588,(60 minutos),,Ultraformer MPT,60,ULTRAFORMER MPT - ABDOME
Depyl House Fotodepilação e Estética,"Rua Esmeralda, 47, Aclimação",ULTRAFORMER MPT - CULOTE / BANANINHA,2.277,(60 minutos),,Ultraformer MPT,60,ULTRAFORMER MPT - CULOTE / BANANINHA
Depyl House Fotodepilação e Estética,"Rua Esmeralda, 47, Aclimação",ULTRAFORMER MPT - FOX EYES,1.648,(60 minutos),,Ultraformer MPT,60,ULTRAFORMER MPT - FOX EYES
Depyl House Fotodepilação e Estética,"Rua Esmeralda, 47, Aclimação",ULTRAFORMER MPT - INT COXA,2.92,(60 minutos),,Ultraformer MPT,60,ULTRAFORMER MPT - INT COXA
Depyl House Fotodepilação e Estética,"Rua Esmeralda, 47, Aclimação",Ultraformer MPT,650,(60 minutos),,Ultraformer MPT,60,Ultraformer MPT
Depyl House Fotodepilação e Estética,"Rua Esmeralda, 47, Aclimação",Ultraformer MPT,2,(60 minutos),,Ultraformer MPT,60,Ultraformer MPT
