병원명,시술명,샷수,도시,정가,할인가
Miel Clinic Stadium One,Volnewmer 600 Shots,600,방콕,"฿36,000","฿26,990"
Miel Clinic Stadium One,Volnewmer 200 Shots,200,방콕,"฿12,000","฿9,490"
Miel Clinic Stadium One,Volnewmer 500 Shots,500,방콕,"฿31,200","฿22,590"
Miel Clinic Stadium One,Volnewmer 100 Shots,100,방콕,"฿6,000","฿4,990"
Miel Clinic Stadium One,Volnewmer 400 Shots,400,방콕,"฿24,000","฿18,490"
Miel Clinic Stadium One,Volnewmer 300 Shots,300,방콕,"฿18,000","฿14,900"
Mio Clinic Rama 9,Volnewmer Lifting (300 Shots) (Procedure by Doctor),300,방콕,"฿30,000","฿13,500"
Mio Clinic Rama 9,"Volnewmer Lifting (900 Shots) (Procedure by Master Dr. Tang, Specialist Instructor)",900,방콕,"฿79,000","฿49,500"
Mio Clinic Rama 9,"Volnewmer Lifting (600 Shots) (Procedure by Master Dr. Tang, Specialist Instructor)",600,방콕,"฿55,000","฿33,000"
Mio Clinic Rama 9,"Volnewmer Lifting (300 Shots) (Procedure by Master Dr. Tang, Specialist Instructor)",300,방콕,"฿30,000","฿18,000"
Mio Clinic Rama 9,"Volnewmer Lifting (1,200 Shots) (Procedure by Master Dr. Tang, Specialist Instructor)",200,방콕,"฿95,000","฿66,000"
Mio Clinic Rama 9,"Volnewmer Lifting (100 Shots) (Procedure by Master Dr. Tang, Specialist Instructor)",100,방콕,"฿9,900","฿5,500"
Mio Clinic Rama 9,Volnewmer Lifting (100 Shots) (Procedure by Doctor),100,방콕,"฿9,900","฿4,500"
Mio Clinic Rama 9,Volnewmer Lifting (1200 Shots) (Procedure by Doctor),1200,방콕,"฿95,000","฿54,000"
Mio Clinic Rama 9,Volnewmer Lifting (600 Shots) (Procedure by Doctor),600,방콕,"฿55,000","฿27,000"
Mio Clinic Rama 9,Volnewmer Lifting (900 Shots) (Procedure by Doctor),900,방콕,"฿79,000","฿40,500"
Vitaline Neuro Aesthetic Wellness,Volnewmer - Facial Lifting (200 Shots),200,기타,"฿10,300","฿9,500"
Vitaline Neuro Aesthetic Wellness,Volnewmer - Facial Lifting (400 Shots),400,기타,"฿28,000","฿16,900"
Obliv Young Clinic,Volnewmer 300 shots (Free! Meso Fat 10 cc.),300,방콕,"฿36,000","฿9,990"
Pruksa Clinic Muang Thong Thani Branch,Volnewmer 200 Shots (Free Facial Treatment Value 1200 Baht),200,방콕,"฿16,000","฿10,900"
Pruksa Clinic Muang Thong Thani Branch,Acne Volnewmer - Facial (1 Time),,방콕,"฿8,000","฿6,900"
Nakornthon Hospital,"Facial Firming and Fat Reduction Program using Volnewmer (Eye Area, 200 Shots) (11869400P00)",200,방콕,"฿21,000","฿15,000"
Nakornthon Hospital,"Facial Firming and Fat Reduction Program using Volnewmer (Full Face, 400 Shots) (11869401P00)",400,방콕,"฿32,000","฿30,000"
Pruksa Clinic Siam Center Branch,Acne Volnewmer - Facial (1 Time),,방콕,"฿8,000","฿6,900"
Pruksa Clinic Siam Center Branch,Volnewmer 200 Shots (Free Facial Treatment Value 1200 Baht),200,방콕,"฿16,000","฿10,900"
Pruksa Clinic Ari Branch,Acne Volnewmer - Facial (1 Time),,방콕,"฿8,000","฿6,900"
Pruksa Clinic Ari Branch,Volnewmer 200 Shots (Free Facial Treatment Value 1200 Baht),200,방콕,"฿16,000","฿10,900"
Pruksa Clinic The Street Ratchadaphisek Branch,Acne Volnewmer - Facial (1 Time),,방콕,"฿8,000","฿6,900"
Pruksa Clinic The Street Ratchadaphisek Branch,Volnewmer 200 Shots (Free Facial Treatment Value 1200 Baht),200,방콕,"฿16,000","฿10,900"
Pruksa Clinic Big C Market Kheha Romklao Branch,Volnewmer 200 Shots (Free Facial Treatment Value 1200 Baht),200,방콕,"฿16,000","฿10,900"
Pruksa Clinic Big C Market Kheha Romklao Branch,Acne Volnewmer - Facial (1 Time),,방콕,"฿8,000","฿6,900"
Poff Clinic,Volnewmer Lifting (400 Shots),400,방콕,"฿35,000","฿17,990"
Poff Clinic,Volnewmer Lifting (500 Shots),500,방콕,"฿22,490","฿21,990"
Poff Clinic,Volnewmer Lifting (600 Shots),600,방콕,"฿26,490","฿25,990"
The Crown Clinic,Program Volnewmer (400 Shots) Free !! Meso Fat (5 cc),400,방콕,"฿23,999","฿18,999"
The Crown Clinic,Program Volnewmer (200 Shots) Free !! IV Drip (1 Time),200,방콕,"฿14,990","฿9,000"
Pruksa Clinic Silom Complex Branch,Volnewmer 200 Shots (Free Facial Treatment Value 1200 Baht),200,방콕,"฿16,000","฿10,900"
Pruksa Clinic Silom Complex Branch,Acne Volnewmer - Facial (1 Time),,방콕,"฿8,000","฿6,900"
Pruksa Clinic Central Rama 2 Branch,Volnewmer 200 Shots (Free Facial Treatment Value 1200 Baht),200,방콕,"฿16,000","฿10,900"
Pruksa Clinic Central Rama 2 Branch,Acne Volnewmer - Facial (1 Time),,방콕,"฿8,000","฿6,900"
Merry Clinic,Volnewmer- 600 Shot,600,방콕,"฿72,000","฿46,800"
Merry Clinic,Volnewmer - 450 Shot,450,방콕,"฿54,000","฿35,100"
Merry Clinic,Volnewmer - 200 Shot,200,방콕,"฿24,000","฿15,600"
Pruksa Clinic Future Park Rangsit Branch,Volnewmer 200 Shots (Free Facial Treatment Value 1200 Baht),200,방콕,"฿16,000","฿10,900"
Pruksa Clinic Future Park Rangsit Branch,Acne Volnewmer - Facial (1 Time),,방콕,"฿8,000","฿6,900"
Pruksa Clinic The Scene Town In Town Branch,Volnewmer 200 Shots (Free Facial Treatment Value 1200 Baht),200,방콕,"฿16,000","฿10,900"
Pruksa Clinic The Scene Town In Town Branch,Acne Volnewmer - Facial (1 Time),,방콕,"฿8,000","฿6,900"
Pruksa Prime Clinic Icon Siam Branch,Acne Volnewmer - Facial (1 Time),,방콕,"฿8,000","฿6,900"
Pruksa Prime Clinic Icon Siam Branch,Volnewmer 200 Shots (Free Facial Treatment Value 1200 Baht),200,방콕,"฿16,000","฿10,900"
Pruksa Clinic The Nine Rama 9 Branch,Volnewmer 200 Shots (Free Facial Treatment Value 1200 Baht),200,방콕,"฿16,000","฿10,900"
Pruksa Clinic The Nine Rama 9 Branch,Acne Volnewmer - Facial (1 Time),,방콕,"฿8,000","฿6,900"
Babyface Clinic Esplanade Ratchada,Volnewmer (Monopolar RF) 300 shots reduce fat cheek & double chin,300,방콕,"฿38,900","฿20,900"
Pruksa Clinic Kaset Nawamin Branch,Volnewmer 200 Shots (Free Facial Treatment Value 1200 Baht),200,방콕,"฿16,000","฿10,900"
Pruksa Clinic Kaset Nawamin Branch,Acne Volnewmer - Facial (1 Time),,방콕,"฿8,000","฿6,900"
Sunsea Clinic,Volnewmer (200 Shots),200,방콕,"฿12,000","฿9,000"
Pruksa Clinic Lotus Watcharaphon Branch,Volnewmer 200 Shots (Free Facial Treatment Value 1200 Baht),200,방콕,"฿16,000","฿10,900"
Pruksa Clinic Lotus Watcharaphon Branch,Acne Volnewmer - Facial (1 Time),,방콕,"฿8,000","฿6,900"
Vertier Clinic By Dr Yhin,Volnewmer 100 shot,100,방콕,"฿8,999","฿7,900"
So Real Clinic Bts Wutthakat,Volnewmer - Facial Lifting (600 Shots) *Authentic Machine can be Verify (Procedure by Doctor),600,기타,"฿30,999","฿25,499"
So Real Clinic Bts Wutthakat,Volnewmer - Facial Lifting (400 Shots) *Authentic Machine can be Verify (Procedure by Doctor),400,기타,"฿21,999","฿17,499"
So Real Clinic Bts Wutthakat,Volnewmer - Facial Lifting (300 Shots) *Authentic Machine can be Verify (Procedure by Doctor),300,기타,"฿17,900","฿13,900"
So Real Clinic Bts Wutthakat,Volnewmer - Under eyes (100 Shots) *Authentic Machine can be Verify (Procedure by Doctor),100,기타,"฿7,000","฿4,499"
So Real Clinic Bts Wutthakat,Volnewmer - Body (400 Shots) *Authentic Machine can be Verify (Procedure by Doctor),400,기타,,
So Real Clinic Bts Wutthakat,Volnewmer - Body (200 Shots) *Authentic Machine can be Verify (Procedure by Doctor),200,기타,,
So Real Clinic Bts Wutthakat,Volnewmer - Body (600 Shots) *Authentic Machine can be Verify (Procedure by Doctor),600,기타,,
So Real Clinic Bts Wutthakat,Volnewmer - Body (1000 Shots) *Authentic Machine can be Verify (Procedure by Doctor),1000,기타,"฿50,000","฿43,000"
Pruksa Clinic The Walk Ratchaphruek Branch,Acne Volnewmer - Facial (1 Time),,방콕,"฿8,000","฿6,900"
Pruksa Clinic The Walk Ratchaphruek Branch,Volnewmer 200 Shots (Free Facial Treatment Value 1200 Baht),200,방콕,"฿16,000","฿10,900"
Skinity Clinic,Volnewmer (400 shots),400,방콕,"฿35,900","฿25,900"
Pruksa Clinic Lotus Bang Yai Branch,Volnewmer 200 Shots (Free Facial Treatment Value 1200 Baht),200,방콕,"฿16,000","฿10,900"
Pruksa Clinic Lotus Bang Yai Branch,Acne Volnewmer - Facial (1 Time),,방콕,"฿8,000","฿6,900"
Pruksa Clinic Pathum Thani Branch,Volnewmer 200 Shots (Free Facial Treatment Value 1200 Baht),200,방콕,"฿16,000","฿10,900"
Pruksa Clinic Pathum Thani Branch,Acne Volnewmer - Facial (1 Time),,방콕,"฿8,000","฿6,900"
Pruksa Clinic Design Village Bangna,Volnewmer 200 Shots (Free Facial Treatment Value 1200 Baht),200,방콕,"฿16,000","฿10,900"
Pruksa Clinic Design Village Bangna,Acne Volnewmer - Facial (1 Time),,방콕,"฿8,000","฿6,900"
Panglyst Clinic,Volnewmer (200 Shots),200,방콕,"฿13,000","฿8,999"
Panglyst Clinic,Volnewmer (600 Shots),600,방콕,"฿39,000","฿25,999"
Panglyst Clinic,Volnewmer (300 Shots),300,방콕,"฿19,500","฿9,999"
